HOTEN,SDT,NGAYGIODAT,CHINHANH,MAHD,MaDatBan,GhiChu,SOLUONG,MADATBAN
Nguyễn Thị Ngọc,9977482047,2021-11-06 15:58:08.000,1,1,1,Bàn riêng tư.,4,1
Vũ Thị Thảo,3808346838,2024-10-29 09:50:29.000,1,2,2,Bàn gần khu vực lẩu.,3,2
Bùi Thị Thu,1748149298,2011-11-07 12:09:44.000,1,3,3,Bàn ngoài trời.,4,3
Phạm Văn Quang,5876960163,2018-09-09 17:07:36.000,3,4,4,Bàn gần khu vực tempura.,10,4
Lê Thị Phương,7566094690,2024-08-11 18:07:04.000,1,5,5,Bàn gần khu vực nướng.,4,5
Phan Văn Sơn,2323803154,2022-05-03 18:04:37.000,1,6,6,Bàn gần khu vực sashimi.,5,6
Phan Văn Thịnh,7894172636,2012-12-28 12:00:20.000,1,7,7,Bàn gần khu vực trẻ em.,7,7
Bùi Thị Hương,3911944745,2011-05-23 16:06:51.000,1,8,8,Bàn gần khu vực lẩu.,9,8
Đỗ Văn Khánh,6777263078,2012-08-23 12:54:54.000,1,9,9,Bàn gần khu vực sashimi.,4,9
Trần Văn Tuấn,7867830746,2022-11-30 11:10:47.000,3,10,10,Bàn gần khu vực nướng.,2,10
Trần Thị Bích,2532779326,2022-09-04 10:57:39.000,12,11,11,Bàn gần khu vực tempura.,9,11
Phạm Văn Phúc,7505773229,2023-08-12 10:39:47.000,15,12,12,Bàn riêng tư.,2,12
Bùi Văn Hùng,3882253325,2019-08-24 09:44:58.000,1,13,13,Bàn gần khu vực nướng.,4,13
Hoàng Thị Thanh,7627227941,2021-08-08 14:06:34.000,14,14,14,Bàn gần khu vực lẩu.,8,14
Vũ Thị Cúc,6705941086,2016-06-28 11:27:38.000,1,15,15,Bàn gần cửa sổ.,10,15
Hoàng Văn Hùng,7340002491,2016-12-14 11:12:34.000,1,16,16,Bàn gần cửa sổ.,1,16
Đỗ Thị Lan,3346945114,2020-09-13 10:32:10.000,5,17,17,Bàn gần khu vực sushi.,10,17
Hoàng Thị Quỳnh,5240402478,2016-11-25 20:27:26.000,1,18,18,Bàn gần khu vực tempura.,3,18
Bùi Văn Hùng,1039409939,2017-01-27 11:52:04.000,5,19,19,Bàn gần khu vực sushi.,8,19
Bùi Văn Hùng,1905465812,2021-11-08 21:34:08.000,7,20,20,Bàn gần khu vực sashimi.,7,20
Lê Thị Ngọc,3165782392,2016-05-19 15:55:15.000,1,21,21,Bàn gần khu vực tempura.,4,21
Hoàng Văn Đức,9515934530,2017-08-18 16:49:13.000,1,22,22,Bàn gần khu vực lẩu.,9,22
Phạm Văn Phúc,6486970722,2023-06-22 09:02:59.000,12,23,23,Bàn gần khu vực lẩu.,2,23
Vũ Thị Thanh,7744318752,2010-05-21 18:59:05.000,1,24,24,Bàn gần khu vực lẩu.,10,24
Phạm Văn Quang,7551909998,2014-07-25 14:08:31.000,1,25,25,Bàn gần khu vực sashimi.,5,25
Nguyễn Thị Mai,3871948747,2013-10-31 14:24:46.000,6,26,26,Bàn ngoài trời.,4,26
Vũ Thị Cúc,3694458992,2018-10-26 14:04:27.000,5,27,27,Bàn gần khu vực tempura.,4,27
Bùi Thị Hương,2352473537,2022-07-02 16:52:45.000,1,28,28,Bàn gần khu vực lẩu.,4,28
Đặng Văn Thắng,2525607116,2011-06-09 21:23:36.000,1,29,29,Bàn gần khu vực lẩu.,1,29
Bùi Thị Tuyết,9956767608,2019-12-01 14:30:51.000,9,30,30,Bàn gần khu vực lẩu.,6,30
Trần Văn Nam,8578917014,2012-12-02 12:52:01.000,1,31,31,Bàn gần khu vực sashimi.,7,31
Đặng Văn Toàn,1046996530,2016-06-18 20:53:02.000,1,32,32,Bàn gần khu vực sushi.,6,32
Nguyễn Văn An,1832920450,2024-07-25 15:05:34.000,12,33,33,Bàn gần khu vực nướng.,5,33
Nguyễn Thị Mai,3418670586,2023-10-04 18:20:12.000,6,34,34,Bàn gần khu vực nướng.,8,34
Phan Văn Sơn,2700379368,2020-09-26 19:24:14.000,3,35,35,Bàn gần khu vực nướng.,5,35
Trần Văn Nam,2102339504,2024-07-22 09:22:28.000,7,36,36,Bàn gần khu vực nướng.,6,36
Phan Văn Thắng,1187278436,2023-12-29 19:37:30.000,1,37,37,Bàn gần khu vực sashimi.,4,37
Đặng Văn Dũng,7341199071,2023-10-06 09:41:12.000,5,38,38,Bàn gần khu vực lẩu.,8,38
Trần Thị Bích,3924470866,2022-03-05 09:42:12.000,1,39,39,Bàn gần khu vực lẩu.,3,39
Vũ Thị Thu,2084214925,2020-03-26 09:56:39.000,1,40,40,Bàn gần khu vực sushi.,8,40
Vũ Thị Thanh,9764543051,2013-01-19 16:00:53.000,1,41,41,Bàn gần khu vực tempura.,6,41
Vũ Thị Cúc,7059441113,2017-06-07 16:31:17.000,1,42,42,Bàn gần khu vực sushi.,7,42
Trần Văn Phong,6760153717,2013-12-16 18:16:36.000,2,43,43,Bàn gần khu vực nướng.,9,43
Phan Thị Hạnh,4976763285,2017-01-24 09:54:13.000,2,44,44,Bàn gần khu vực sushi.,6,44
Phạm Văn Vinh,2124614456,2011-03-09 16:48:44.000,6,45,45,Bàn gần khu vực lẩu.,9,45
Lê Thị Ngọc,8143750040,2016-02-17 11:46:14.000,1,46,46,Bàn gần khu vực lẩu.,1,46
Bùi Thị Thu,1018467877,2022-06-14 20:59:23.000,7,47,47,Bàn gần khu vực tempura.,10,47
Trần Thị Hương,4834110311,2024-03-05 12:15:55.000,14,48,48,Bàn gần khu vực sashimi.,5,48
Hoàng Thị Quỳnh,1246962282,2010-03-28 10:14:50.000,1,49,49,Bàn gần khu vực tempura.,2,49
Hoàng Văn Đức,8349398447,2022-05-25 15:58:49.000,1,50,50,Bàn gần khu vực tempura.,9,50
Lê Thị Phương,8146320832,2021-03-13 19:03:11.000,10,51,51,Bàn gần khu vực lẩu.,9,51
Trần Thị Bích,4041020851,2011-02-12 18:10:39.000,14,52,52,Bàn gần khu vực sushi.,4,52
Đỗ Văn Tiến,4944405927,2012-01-20 21:35:53.000,13,53,53,Bàn gần khu vực sushi.,6,53
Đỗ Văn Tiến,2034940220,2011-04-07 18:05:04.000,1,54,54,Bàn gần khu vực sashimi.,2,54
Nguyễn Thị Ngọc,1816528239,2022-07-30 18:26:28.000,2,55,55,Bàn gần khu vực tempura.,9,55
Phạm Văn Phúc,9641701354,2012-02-27 11:05:50.000,5,56,56,Bàn gần khu vực tempura.,2,56
Phạm Văn Phúc,9524897854,2020-10-31 16:27:48.000,8,57,57,Bàn gần khu vực tempura.,10,57
Trần Thị Bích,5656765924,2015-06-08 13:51:55.000,12,58,58,Bàn gần khu vực lẩu.,4,58
Hoàng Thị Thanh,8115162037,2012-04-26 16:36:13.000,1,59,59,Bàn gần khu vực nướng.,3,59
Hoàng Thị Quỳnh,5758281251,2018-06-03 10:25:05.000,11,60,60,Bàn gần khu vực tempura.,5,60
Hoàng Thị Yến,7600816125,2023-03-05 19:36:38.000,2,61,61,Bàn gần khu vực sushi.,5,61
Vũ Thị Thu,3241242690,2010-12-28 17:52:51.000,1,62,62,Bàn gần khu vực lẩu.,2,62
Đỗ Thị Minh,8920805745,2015-01-27 11:11:27.000,1,63,63,Bàn trong phòng VIP.,4,63
Lê Minh Châu,1871779799,2024-03-15 14:50:57.000,14,64,64,Bàn gần khu vực nướng.,8,64
Nguyễn Văn Bình,9767234619,2016-11-08 13:39:24.000,14,65,65,Bàn gần khu vực sashimi.,9,65
Phạm Văn Vinh,3529815982,2017-10-05 21:48:31.000,5,66,66,Bàn gần khu vực tempura.,3,66
Phạm Văn Quang,8060896095,2018-06-12 13:19:53.000,1,67,67,Bàn gần khu vực nướng.,1,67
Đặng Văn Dũng,9808699495,2012-07-15 15:29:36.000,15,68,68,Bàn gần khu vực tempura.,3,68
Vũ Văn Hiếu,6892957364,2021-10-31 12:12:31.000,5,69,69,Bàn gần khu vực trẻ em.,3,69
Bùi Thị Tuyết,7963032231,2016-06-23 16:36:07.000,11,70,70,Bàn gần khu vực lẩu.,9,70
Phan Thị Hạnh,2263955122,2022-06-07 15:19:38.000,14,71,71,Bàn gần khu vực sushi.,8,71
Đỗ Văn Việt,8349318496,2024-10-06 09:49:06.000,15,72,72,Bàn gần khu vực nướng.,4,72
Phan Văn Thịnh,6505917050,2017-09-06 12:14:58.000,1,73,73,Bàn riêng tư.,2,73
Trần Thị Bích,3155892638,2018-11-07 19:57:12.000,3,74,74,Bàn gần khu vực nướng.,10,74
Bùi Thị Hương,1536511267,2019-06-09 18:34:33.000,1,75,75,Bàn gần khu vực tempura.,1,75
Nguyễn Thị Ngân,8561511299,2016-06-27 16:07:57.000,1,76,76,Bàn gần khu vực tempura.,7,76
Phạm Văn Vinh,2125751681,2024-09-09 19:06:15.000,6,77,77,Bàn gần khu vực sushi.,4,77
Đặng Thị Hoa,6397788624,2022-09-20 16:34:02.000,5,78,78,Bàn gần khu vực sushi.,6,78
Phan Thị Kim,7842264233,2021-01-24 11:40:20.000,1,79,79,Bàn gần khu vực lẩu.,2,79
Đặng Văn Toàn,8999349794,2014-11-28 16:22:43.000,3,80,80,Bàn gần khu vực sushi.,9,80
Đỗ Văn Tiến,9579762134,2020-12-17 21:44:02.000,7,81,81,Bàn gần khu vực nướng.,10,81
Bùi Thị Tuyết,1891970209,2011-06-09 12:47:38.000,6,82,82,Bàn gần khu vực tempura.,1,82
Nguyễn Thị Trang,9603637893,2016-01-06 12:11:50.000,1,83,83,Bàn gần khu vực sushi.,6,83
Vũ Văn Lâm,1831324865,2012-07-05 20:25:23.000,1,84,84,Bàn gần khu vực tempura.,9,84
Lê Minh Đạt,8492889748,2022-05-27 17:20:13.000,15,85,85,Bàn gần khu vực tempura.,8,85
Phạm Văn Sơn,5635405309,2010-11-22 21:23:27.000,1,86,86,Bàn gần khu vực tempura.,1,86
Phạm Văn Phúc,1350762744,2022-05-29 21:56:27.000,3,87,87,Bàn gần cửa ra vào.,8,87
Bùi Thị Thu,1942140856,2018-03-04 14:43:06.000,6,88,88,Bàn gần cửa sổ.,8,88
Phạm Thị Lan,1875524698,2021-04-18 17:06:39.000,1,89,89,Bàn gần khu vực tempura.,5,89
Đặng Thị Hoa,7114853389,2023-08-14 14:34:10.000,8,90,90,Bàn gần khu vực nướng.,2,90
Hoàng Thị Quỳnh,5945148566,2014-05-14 20:36:10.000,2,91,91,Bàn gần khu vực sushi.,10,91
Đặng Văn Toàn,7440652635,2022-02-10 10:03:01.000,2,92,92,Bàn gần khu vực sashimi.,8,92
Trần Văn Tuấn,8925568176,2012-03-14 14:04:50.000,1,93,93,Bàn gần khu vực lẩu.,1,93
Phạm Thị Dung,1974187188,2013-02-12 13:55:53.000,6,94,94,Bàn gần khu vực lẩu.,9,94
Đặng Thị Hoa,5498022416,2018-08-01 17:23:43.000,1,95,95,Bàn gần khu vực sashimi.,2,95
Bùi Thị Tuyết,6048846617,2024-01-21 16:16:44.000,1,96,96,Bàn gần khu vực sashimi.,10,96
Hoàng Thị Thanh,4516338527,2011-03-31 17:25:38.000,1,97,97,Bàn gần khu vực nướng.,6,97
Bùi Thị Tuyết,4790874635,2015-08-26 17:58:52.000,15,98,98,Bàn gần khu vực lẩu.,7,98
Nguyễn Thị Mai,5768584240,2016-02-22 19:07:56.000,1,99,99,Bàn gần khu vực nướng.,6,99
Hoàng Văn Lâm,1925284842,2022-08-13 17:47:44.000,1,100,100,Bàn gần khu vực nướng.,1,100
Đặng Văn Dũng,3342990935,2019-10-03 15:15:02.000,3,101,101,Bàn gần khu vực nướng.,8,101
Nguyễn Thị Ngân,3612137091,2020-08-13 19:58:37.000,8,102,102,Bàn gần khu vực sushi.,2,102
Nguyễn Thị Trang,8624392563,2024-05-17 11:50:52.000,14,103,103,Bàn gần khu vực sushi.,7,103
Phạm Văn Phúc,2424777203,2011-11-27 11:50:58.000,15,104,104,Bàn gần khu vực sushi.,7,104
Bùi Thị Thu,2424076435,2016-04-20 13:50:13.000,1,105,105,Bàn gần khu vực sushi.,6,105
Bùi Thị Thu,2049237414,2014-08-10 14:44:32.000,5,106,106,Bàn gần khu vực lẩu.,2,106
Bùi Thị Thu,8227012631,2011-07-03 13:04:07.000,1,107,107,Bàn gần khu vực tempura.,8,107
Hoàng Văn Đức,8316560369,2021-09-19 16:51:18.000,15,108,108,Bàn gần khu vực nướng.,3,108
Trần Văn Tuấn,4552177638,2018-09-14 13:51:45.000,15,109,109,Bàn gần khu vực sushi.,2,109
Lê Minh Châu,9543571766,2012-04-12 17:51:52.000,11,110,110,Bàn gần khu vực sashimi.,4,110
Đỗ Văn Tiến,1824905109,2024-02-27 15:35:28.000,3,111,111,Bàn gần khu vực lẩu.,10,111
Đỗ Văn Khánh,2000201567,2019-11-04 14:53:50.000,1,112,112,Bàn gần khu vực sushi.,2,112
Đỗ Văn Tiến,7132378329,2016-11-10 10:47:47.000,1,113,113,Bàn gần khu vực nướng.,7,113
Bùi Văn Hùng,9300056162,2017-07-31 15:40:27.000,1,114,114,Bàn gần khu vực sushi.,2,114
Đỗ Văn Việt,9390596123,2024-04-28 16:57:12.000,2,115,115,Bàn gần khu vực sushi.,2,115
Nguyễn Văn Bình,6663000840,2019-12-05 13:40:31.000,9,116,116,Bàn gần khu vực nướng.,9,116
Hoàng Thị Thanh,5791313784,2024-08-25 21:00:26.000,1,117,117,Bàn gần khu vực sushi.,10,117
Đỗ Văn Việt,4667173631,2017-03-22 20:13:44.000,2,118,118,Bàn gần khu vực sushi.,6,118
Vũ Văn Hiếu,5904111984,2021-06-14 12:40:00.000,6,119,119,Bàn gần khu vực sashimi.,8,119
Vũ Thị Thanh,7678630526,2015-01-07 15:21:20.000,3,120,120,Bàn gần khu vực tempura.,5,120
Đỗ Văn Việt,4226402377,2016-04-13 15:12:03.000,1,121,121,Bàn gần khu vực nướng.,4,121
Trần Văn Phúc,4240228856,2013-03-01 12:52:14.000,1,122,122,Bàn gần khu vực sushi.,9,122
Hoàng Thị Yến,8784503579,2022-11-12 14:51:18.000,12,123,123,Bàn gần khu vực sushi.,5,123
Vũ Thị Thu,5329957903,2010-09-13 13:10:13.000,1,124,124,Bàn gần khu vực sashimi.,4,124
Vũ Văn Hiếu,1379209793,2017-10-26 11:20:22.000,7,125,125,Bàn gần khu vực sushi.,4,125
Phan Văn Bình,5980411401,2020-02-24 21:10:06.000,1,126,126,Bàn gần khu vực sashimi.,8,126
Vũ Văn Hiếu,8934141369,2020-01-05 16:28:45.000,1,127,127,Bàn gần khu vực sushi.,9,127
Đặng Văn Toàn,3977407343,2019-04-03 21:10:44.000,8,128,128,Bàn gần khu vực sushi.,3,128
Hoàng Thị Thanh,8384155526,2016-09-11 17:40:50.000,2,129,129,Bàn gần khu vực sashimi.,9,129
Trần Thị Hương,9951450736,2013-02-16 14:28:44.000,11,130,130,Bàn gần khu vực sushi.,8,130
Nguyễn Thị Ngân,9483581469,2018-10-17 18:45:53.000,4,131,131,Bàn gần khu vực sushi.,3,131
Phạm Văn Sơn,2580244675,2013-06-13 14:00:09.000,13,132,132,Bàn gần khu vực tempura.,9,132
Đặng Văn Dũng,9540851442,2014-06-13 18:53:51.000,1,133,133,Bàn gần khu vực nướng.,6,133
Đặng Văn Dũng,7838097786,2024-08-03 20:41:57.000,1,134,134,Bàn gần khu vực tempura.,2,134
Phạm Thị Dung,3150459541,2021-12-03 10:31:38.000,4,135,135,Bàn gần khu vực nướng.,10,135
Lê Thị Ngọc,3179098120,2023-01-30 16:06:38.000,15,136,136,Bàn gần khu vực sashimi.,2,136
Bùi Thị Tuyết,1408652498,2015-03-12 11:02:32.000,5,137,137,Bàn gần khu vực lẩu.,4,137
Hoàng Văn Đức,1307590531,2023-11-15 12:10:16.000,1,138,138,Bàn gần khu vực sushi.,10,138
Đặng Thị Hoa,3645384259,2022-04-21 16:31:29.000,1,139,139,Bàn gần khu vực tempura.,4,139
Trần Văn Phong,7530434870,2024-01-11 09:49:05.000,1,140,140,Bàn gần khu vực sashimi.,9,140
Đỗ Văn Khánh,1097805697,2016-02-09 11:38:46.000,1,141,141,Bàn gần khu vực lẩu.,1,141
Đặng Thị Hoa,9874160772,2023-02-06 19:03:49.000,1,142,142,Bàn gần khu vực sashimi.,8,142
Đặng Văn Thắng,2836773434,2012-04-27 20:54:34.000,9,143,143,Bàn gần khu vực sashimi.,6,143
Bùi Thị Thu,6678471059,2020-11-03 11:21:17.000,7,144,144,Bàn gần khu vực lẩu.,4,144
Đỗ Văn Việt,8784809989,2016-06-25 09:40:26.000,1,145,145,Bàn gần khu vực nướng.,7,145
Hoàng Thị Thanh,9690205247,2013-05-23 12:02:31.000,3,146,146,Bàn gần khu vực lẩu.,2,146
Vũ Thị Thu,3243555193,2013-02-26 19:26:15.000,1,147,147,Bàn gần khu vực lẩu.,7,147
Đặng Văn Thắng,2360461438,2022-02-27 10:34:52.000,13,148,148,Bàn gần khu vực sashimi.,7,148
Phạm Văn Phúc,9790556503,2020-09-28 13:01:49.000,1,149,149,Bàn gần khu vực lẩu.,2,149
Bùi Thị Hương,7799293650,2022-07-17 12:13:49.000,7,150,150,Bàn gần khu vực lẩu.,2,150
Phan Văn Bình,7808512109,2011-10-25 14:17:20.000,1,151,151,Bàn gần khu vực tempura.,3,151
Phạm Văn Vinh,7439317168,2019-12-27 11:49:21.000,1,152,152,Bàn gần khu vực tempura.,5,152
Lê Thị Vân,7142246673,2024-03-15 21:47:30.000,5,153,153,Bàn gần khu vực tempura.,9,153
Hoàng Văn Đức,7405717943,2011-10-02 15:49:58.000,1,154,154,Bàn gần khu vực lẩu.,3,154
Lê Thị Vân,3867127606,2017-08-14 19:29:13.000,1,155,155,Bàn gần khu vực lẩu.,7,155
Bùi Văn Long,3511964638,2010-06-03 12:42:31.000,1,156,156,Bàn gần khu vực sashimi.,4,156
Trần Thị Bích,7946483118,2010-07-28 10:37:46.000,9,157,157,Bàn gần khu vực nướng.,4,157
Phạm Văn Phúc,9421630729,2014-04-11 10:25:12.000,1,158,158,Bàn gần khu vực tempura.,10,158
Trần Thị Bích,4427890691,2016-08-24 11:59:04.000,12,159,159,Bàn gần khu vực trẻ em.,3,159
Đỗ Thị Lan,4395015307,2024-03-20 10:39:56.000,15,160,160,Bàn gần khu vực lẩu.,8,160
Đặng Thị Hoa,2472523565,2019-03-19 11:53:41.000,11,161,161,Bàn gần khu vực tempura.,3,161
Hoàng Thị Thanh,6894130368,2017-03-10 10:13:32.000,1,162,162,Bàn gần khu vực nướng.,9,162
Phạm Thị Dung,6455063245,2014-07-31 15:02:35.000,4,163,163,Bàn gần khu vực sashimi.,8,163
Trần Văn Phong,6559064067,2020-04-02 16:30:12.000,14,164,164,Bàn gần khu vực tempura.,5,164
Trần Thị Bích,8229624863,2022-02-08 09:59:16.000,1,165,165,Bàn gần khu vực lẩu.,9,165
Vũ Thị Cúc,5604988760,2018-02-25 14:13:14.000,13,166,166,Bàn gần khu vực sushi.,6,166
Nguyễn Thị Trang,2195607092,2019-11-04 18:00:17.000,3,167,167,Bàn gần khu vực sashimi.,1,167
Hoàng Văn Đức,9875103665,2016-03-15 09:26:05.000,10,168,168,Bàn gần khu vực sushi.,6,168
Bùi Thị Hương,1642989179,2014-03-29 10:23:06.000,4,169,169,Bàn gần khu vực lẩu.,6,169
Đỗ Thị Lan,7371601137,2022-01-02 10:12:56.000,13,170,170,Bàn gần khu vực nướng.,6,170
Vũ Văn Lâm,6853159760,2014-01-31 13:50:17.000,6,171,171,Bàn gần khu vực nướng.,8,171
Vũ Văn Lâm,4910092797,2023-06-24 12:14:01.000,13,172,172,Bàn gần khu vực sashimi.,2,172
Đặng Văn Thắng,5590197022,2019-01-17 09:29:28.000,1,173,173,Bàn gần khu vực trẻ em.,7,173
Đỗ Thị Nga,6657747561,2024-07-30 20:26:44.000,3,174,174,Bàn gần khu vực nướng.,5,174
Đặng Văn Thắng,9391276403,2022-11-11 13:58:56.000,3,175,175,Bàn gần khu vực sushi.,3,175
Phạm Văn Phúc,6596868235,2014-05-30 20:11:25.000,12,176,176,Bàn gần khu vực sushi.,2,176
Phạm Văn Vinh,7077534009,2015-05-22 21:01:26.000,1,177,177,Bàn gần khu vực nướng.,2,177
Vũ Thị Thanh,7907597593,2012-12-14 10:08:49.000,1,178,178,Bàn gần khu vực nướng.,4,178
Trần Văn Tuấn,8841310819,2016-01-18 11:25:05.000,1,179,179,Bàn gần khu vực lẩu.,10,179
Nguyễn Thị Ngân,9029901044,2021-10-26 20:55:50.000,10,180,180,Bàn gần khu vực nướng.,7,180
Vũ Văn Lâm,2897385665,2012-11-30 14:37:00.000,2,181,181,Bàn gần khu vực nướng.,8,181
Phan Văn Thắng,6636678115,2016-04-09 09:17:03.000,1,182,182,Bàn gần khu vực nướng.,9,182
Bùi Văn Hùng,5944342051,2017-08-03 18:50:26.000,11,183,183,Bàn trong phòng VIP.,1,183
Phan Văn Sơn,9685469723,2018-04-06 20:21:41.000,11,184,184,Bàn gần khu vực sushi.,3,184
Bùi Thị Thu,9431025987,2017-10-12 14:57:37.000,1,185,185,Bàn gần khu vực lẩu.,4,185
Đặng Văn Toàn,8523228802,2021-11-03 16:21:13.000,12,186,186,Bàn gần khu vực nướng.,5,186
Đỗ Văn Khánh,2012591326,2017-08-22 13:26:11.000,8,187,187,Bàn gần cửa sổ.,9,187
Đặng Thị Hoa,5346430272,2018-07-03 21:53:16.000,3,188,188,Bàn gần khu vực tempura.,7,188
Trần Văn Phong,3712760654,2016-12-26 16:33:18.000,2,189,189,Bàn gần khu vực lẩu.,6,189
Phạm Văn Vinh,5610253565,2017-01-18 15:01:09.000,1,190,190,Bàn gần khu vực tempura.,9,190
Hoàng Thị Quỳnh,4325778141,2010-11-10 10:30:38.000,1,191,191,Bàn gần khu vực tempura.,10,191
Hoàng Thị Quỳnh,6437612317,2018-08-26 20:38:40.000,15,192,192,Bàn gần khu vực nướng.,7,192
Đặng Thị Mai,3311769529,2022-06-15 19:22:00.000,7,193,193,Bàn ngoài trời.,6,193
Hoàng Văn Đức,6381660034,2023-05-15 12:30:24.000,1,194,194,Bàn gần khu vực lẩu.,8,194
Hoàng Văn Đức,7814901298,2023-10-11 13:34:53.000,13,195,195,Bàn gần khu vực sashimi.,10,195
Nguyễn Thị Ngọc,5499208297,2017-11-25 18:14:28.000,1,196,196,Bàn gần khu vực sushi.,9,196
Vũ Thị Thanh,3810464784,2011-01-19 13:08:41.000,1,197,197,Bàn gần khu vực sashimi.,8,197
Trần Văn Tuấn,8036486279,2011-01-11 18:39:16.000,2,198,198,Bàn gần khu vực tempura.,10,198
Vũ Văn Long,5190045547,2017-03-22 12:42:35.000,2,199,199,Bàn gần khu vực sashimi.,6,199
Đặng Văn Dũng,1127990305,2010-07-23 11:18:59.000,5,200,200,Bàn gần khu vực lẩu.,9,200
Phan Văn Sơn,6527076548,2017-08-20 15:37:35.000,1,201,201,Bàn gần khu vực sashimi.,3,201
Đỗ Thị Nga,1407424275,2019-11-26 10:59:36.000,11,202,202,Bàn gần khu vực lẩu.,5,202
Vũ Thị Thảo,9470388759,2024-04-02 15:49:14.000,1,203,203,Bàn riêng tư.,3,203
Phạm Thị Lan,9900694928,2012-06-19 12:16:40.000,1,204,204,Bàn gần khu vực tempura.,1,204
Phạm Thị Lan,6393239558,2022-05-21 16:40:47.000,11,205,205,Bàn gần khu vực sushi.,2,205
Trần Thị Cẩm,4632398856,2020-08-27 16:16:34.000,4,206,206,Bàn gần khu vực lẩu.,3,206
Phạm Thị Dung,9493352566,2011-03-22 11:26:20.000,1,207,207,Bàn gần khu vực nướng.,10,207
Phan Thị Lệ,7919811200,2014-10-03 21:11:49.000,5,208,208,Bàn gần cửa ra vào.,1,208
Bùi Thị Tuyết,1737322743,2022-07-29 17:50:00.000,12,209,209,Bàn gần khu vực nướng.,1,209
Bùi Văn Long,7260749036,2017-08-29 11:10:34.000,1,210,210,Bàn gần khu vực tempura.,1,210
Vũ Thị Thu,7328817227,2022-11-15 14:03:39.000,1,211,211,Bàn gần khu vực lẩu.,7,211
Đỗ Thị Lan,1690355768,2024-06-28 18:30:02.000,11,212,212,Bàn gần khu vực sushi.,8,212
Đỗ Văn Việt,5696041685,2023-04-19 20:38:16.000,5,213,213,Bàn gần khu vực lẩu.,4,213
Phạm Thị Dung,6097194033,2016-07-23 10:54:11.000,1,214,214,Bàn gần khu vực tempura.,6,214
Phan Văn Sơn,8050486068,2024-04-20 16:28:55.000,15,215,215,Bàn gần khu vực tempura.,4,215
Hoàng Thị Quỳnh,5938864814,2021-08-23 15:50:32.000,1,216,216,Bàn gần khu vực tempura.,1,216
Vũ Thị Cúc,3507008458,2024-02-02 17:43:08.000,14,217,217,Bàn gần khu vực tempura.,2,217
Phan Văn Sơn,3173160651,2023-10-31 16:32:07.000,7,218,218,Bàn gần khu vực lẩu.,6,218
Vũ Thị Thảo,3974514486,2020-10-21 18:51:35.000,2,219,219,Bàn gần khu vực sushi.,1,219
Phạm Thị Dung,8384723776,2023-06-02 16:05:21.000,1,220,220,Bàn gần khu vực sushi.,2,220
Phạm Thị Hồng,7590792347,2024-10-03 17:52:13.000,1,221,221,Bàn gần khu vực nướng.,5,221
Hoàng Thị Yến,6033637691,2022-06-24 18:48:36.000,1,222,222,Bàn gần khu vực lẩu.,2,222
Trần Văn Phúc,6132963265,2019-01-25 19:54:40.000,13,223,223,Bàn gần khu vực sashimi.,5,223
Trần Thị Bích,3704884469,2019-01-04 10:00:43.000,2,224,224,Bàn gần khu vực tempura.,7,224
Phan Thị Kim,2012820892,2022-12-28 20:11:02.000,11,225,225,Bàn gần khu vực nướng.,4,225
Vũ Thị Cúc,8103949635,2013-12-30 21:47:28.000,6,226,226,Bàn gần khu vực sashimi.,1,226
Lê Thị Ngọc,3446104495,2023-11-04 13:37:15.000,1,227,227,Bàn gần khu vực lẩu.,4,227
Lê Thị Vân,7389790343,2014-02-19 17:42:17.000,6,228,228,Bàn gần khu vực sashimi.,5,228
Vũ Thị Cúc,8304096792,2022-04-12 14:36:09.000,3,229,229,Bàn gần khu vực sashimi.,10,229
Phạm Thị Hồng,3183585384,2024-11-12 13:22:34.000,14,230,230,Bàn gần khu vực sashimi.,2,230
Trần Thị Hương,5265902036,2017-02-28 15:33:27.000,1,231,231,Bàn gần khu vực sashimi.,5,231
Bùi Văn Long,7517484640,2011-04-09 11:54:01.000,1,232,232,Bàn gần khu vực lẩu.,6,232
Hoàng Văn Đức,3118233871,2017-03-28 17:55:15.000,1,233,233,Bàn gần khu vực sushi.,5,233
Lê Thị Ngọc,1471613962,2022-06-04 13:53:33.000,2,234,234,Bàn gần khu vực nướng.,3,234
Vũ Văn Hiếu,6220356849,2016-03-01 09:01:46.000,1,235,235,Bàn gần khu vực sushi.,2,235
Lê Thị Vân,7161152374,2020-01-22 19:39:41.000,1,236,236,Bàn gần khu vực nướng.,2,236
Hoàng Thị Yến,5967806189,2013-01-16 18:03:26.000,2,237,237,Bàn gần khu vực sashimi.,1,237
Đặng Văn Thắng,2991245477,2012-01-04 16:18:47.000,5,238,238,Bàn gần khu vực sashimi.,5,238
Vũ Văn Long,5640825684,2013-05-10 09:58:15.000,15,239,239,Bàn gần khu vực sashimi.,5,239
Bùi Thị Tuyết,9197018902,2017-05-01 20:54:43.000,1,240,240,Bàn gần khu vực sushi.,1,240
Phan Văn Thịnh,8162058951,2023-12-06 15:15:33.000,1,241,241,Bàn trong phòng VIP.,5,241
Hoàng Thị Quỳnh,1278989263,2022-10-27 11:23:37.000,1,242,242,Bàn gần khu vực sashimi.,4,242
Phạm Văn Sơn,8237419773,2023-10-26 12:40:23.000,6,243,243,Bàn gần khu vực sashimi.,3,243
Đỗ Văn Tiến,3390843307,2017-08-20 19:08:16.000,1,244,244,Bàn gần khu vực lẩu.,8,244
Lê Minh Châu,3232035972,2017-04-23 17:28:04.000,1,245,245,Bàn gần khu vực tempura.,3,245
Bùi Thị Tuyết,5775818980,2014-04-12 21:50:28.000,1,246,246,Bàn gần khu vực nướng.,8,246
Nguyễn Thị Mai,7231507747,2020-06-05 20:24:58.000,7,247,247,Bàn gần khu vực nướng.,10,247
Bùi Thị Tuyết,7151596494,2023-07-30 17:45:47.000,1,248,248,Bàn gần khu vực nướng.,7,248
Nguyễn Văn An,3603085457,2019-05-10 11:42:31.000,8,249,249,Bàn gần khu vực sashimi.,6,249
Phan Văn Bình,4972877015,2019-02-26 09:50:09.000,4,250,250,Bàn gần khu vực lẩu.,6,250
Phạm Thị Dung,4664401109,2014-03-13 19:17:20.000,15,251,251,Bàn gần khu vực tempura.,9,251
Lê Thị Vân,8073010977,2021-02-10 16:51:15.000,15,252,252,Bàn gần khu vực tempura.,2,252
Phan Thị Kim,2160637898,2022-08-11 16:38:10.000,1,253,253,Bàn gần cửa sổ.,5,253
Đặng Thị Hoa,3631360914,2016-05-26 09:13:48.000,1,254,254,Bàn gần khu vực sashimi.,7,254
Trần Văn Nam,3194836768,2012-05-14 09:45:50.000,11,255,255,Bàn gần khu vực lẩu.,6,255
Bùi Thị Tuyết,4994895209,2022-06-23 21:41:09.000,14,256,256,Bàn gần khu vực sashimi.,4,256
Nguyễn Thị Mai,2850906908,2023-04-17 19:36:24.000,1,257,257,Bàn gần khu vực tempura.,4,257
Trần Văn Tuấn,3900887837,2011-11-26 11:26:08.000,7,258,258,Bàn gần khu vực nướng.,2,258
Bùi Văn Hùng,8683122303,2014-11-01 16:22:24.000,5,259,259,Bàn gần khu vực sashimi.,10,259
Đỗ Thị Lan,5244358206,2013-07-01 13:02:49.000,9,260,260,Bàn gần khu vực tempura.,7,260
Lê Minh Đạt,9997991695,2014-04-27 15:13:59.000,14,261,261,Bàn gần khu vực lẩu.,8,261
Hoàng Văn Lâm,4229080458,2018-05-30 20:19:36.000,1,262,262,Bàn gần khu vực tempura.,6,262
Hoàng Thị Yến,2709347158,2021-12-29 14:43:50.000,3,263,263,Bàn gần khu vực sushi.,5,263
Phạm Văn Quang,4927455083,2023-11-08 13:53:41.000,1,264,264,Bàn gần khu vực sushi.,9,264
Trần Thị Bích,8897891767,2023-05-19 21:14:22.000,6,265,265,Bàn gần khu vực sushi.,4,265
Hoàng Văn Đức,5197333391,2023-11-07 18:13:46.000,1,266,266,Bàn gần khu vực sushi.,2,266
Hoàng Thị Yến,9712150744,2022-08-10 09:21:26.000,9,267,267,Bàn gần khu vực tempura.,8,267
Đỗ Văn Việt,4681393193,2019-08-30 12:39:46.000,1,268,268,Bàn gần khu vực nướng.,1,268
Hoàng Văn Đức,9545830664,2018-01-28 14:08:59.000,6,269,269,Bàn gần khu vực lẩu.,2,269
Phạm Văn Phúc,3388833053,2022-06-21 11:52:31.000,1,270,270,Bàn gần khu vực nướng.,9,270
Lê Minh Đạt,7094241542,2022-08-09 10:46:19.000,6,271,271,Bàn gần khu vực lẩu.,10,271
Phạm Văn Vinh,7392181654,2016-01-27 13:39:41.000,2,272,272,Bàn gần khu vực sushi.,5,272
Đỗ Văn Khánh,7368246596,2021-05-08 16:47:14.000,2,273,273,Bàn gần khu vực sushi.,1,273
Đặng Văn Toàn,3663815175,2022-10-17 15:15:07.000,1,274,274,Bàn gần khu vực sushi.,3,274
Đỗ Văn Khánh,4874893569,2016-01-29 11:17:55.000,3,275,275,Bàn gần khu vực tempura.,4,275
Bùi Thị Hương,7899373571,2024-08-19 12:36:58.000,8,276,276,Bàn gần khu vực lẩu.,3,276
Hoàng Thị Yến,8396491363,2023-09-02 12:20:28.000,4,277,277,Bàn gần khu vực tempura.,7,277
Vũ Thị Cúc,8552681851,2014-02-06 19:28:15.000,1,278,278,Bàn gần khu vực nướng.,8,278
Phạm Thị Dung,6030560876,2023-04-15 15:14:26.000,12,279,279,Bàn gần khu vực nướng.,2,279
Nguyễn Thị Mai,5051752180,2024-09-01 09:49:52.000,1,280,280,Bàn gần khu vực sushi.,3,280
Nguyễn Văn Hải,3542305893,2024-01-23 16:29:59.000,1,281,281,Bàn gần khu vực lẩu.,7,281
Lê Thị Vân,6253847833,2011-03-29 16:17:01.000,1,282,282,Bàn gần khu vực sushi.,8,282
Đặng Văn Toàn,6640075366,2023-11-24 18:16:41.000,8,283,283,Bàn gần khu vực sashimi.,8,283
Vũ Văn Lâm,2188874730,2024-05-12 20:45:21.000,5,284,284,Bàn gần khu vực nướng.,3,284
Bùi Văn Hùng,9371468693,2016-01-08 20:02:48.000,1,285,285,Bàn gần khu vực lẩu.,10,285
Đỗ Thị Nga,8765149670,2016-09-14 12:50:50.000,1,286,286,Bàn gần khu vực sushi.,9,286
Phan Văn Thịnh,3053824178,2016-08-05 09:18:32.000,1,287,287,Bàn gần khu vực lẩu.,6,287
Lê Thị Vân,9902596183,2020-01-07 16:15:10.000,15,288,288,Bàn gần khu vực lẩu.,7,288
Bùi Thị Tuyết,9800750792,2011-04-05 17:11:11.000,14,289,289,Bàn gần khu vực sashimi.,9,289
Đỗ Văn Khánh,4059155858,2013-10-06 11:39:09.000,1,290,290,Bàn gần khu vực sushi.,3,290
Bùi Văn Hùng,6642060128,2013-04-08 19:20:37.000,1,291,291,Bàn gần khu vực tempura.,9,291
Đặng Văn Thắng,1948805993,2024-06-13 18:13:02.000,8,292,292,Bàn gần khu vực sashimi.,1,292
Đỗ Thị Minh,3240655794,2010-11-30 20:25:32.000,1,293,293,Bàn gần khu vực sashimi.,10,293
Vũ Văn Hiếu,4240498552,2010-10-02 17:33:28.000,1,294,294,Bàn gần khu vực sashimi.,1,294
Đặng Văn Dũng,5760079501,2020-08-11 10:06:01.000,1,295,295,Bàn gần khu vực lẩu.,2,295
Bùi Thị Thu,8754314702,2023-08-28 19:19:55.000,13,296,296,Bàn gần khu vực sashimi.,8,296
Phan Văn Bình,9873489937,2012-01-24 19:58:55.000,6,297,297,Bàn gần khu vực lẩu.,7,297
Bùi Văn Long,6329622276,2019-05-20 10:19:10.000,1,298,298,Bàn gần khu vực nướng.,10,298
Hoàng Thị Yến,8670444898,2021-09-20 20:41:44.000,1,299,299,Bàn gần quầy bar.,2,299
Trần Văn Tuấn,2879728315,2021-07-01 12:19:28.000,1,300,300,Bàn gần khu vực sushi.,5,300
Hoàng Văn Lâm,5762877131,2018-11-27 15:24:46.000,1,301,301,Bàn gần khu vực sushi.,4,301
Trần Văn Phong,6626552658,2018-05-07 21:23:30.000,1,302,302,Bàn gần khu vực nướng.,7,302
Nguyễn Thị Trang,3780186414,2024-02-19 09:17:29.000,14,303,303,Bàn gần khu vực sashimi.,8,303
Hoàng Văn Lâm,3000965069,2023-08-29 11:25:18.000,10,304,304,Bàn gần khu vực sushi.,1,304
Đặng Văn Toàn,4221616554,2021-01-24 11:12:07.000,3,305,305,Bàn gần khu vực sashimi.,10,305
Phan Thị Hạnh,6422017441,2021-09-25 11:24:57.000,15,306,306,Bàn gần khu vực nướng.,8,306
Vũ Thị Cúc,9994081893,2022-05-08 16:50:11.000,1,307,307,Bàn gần khu vực lẩu.,3,307
Phan Văn Sơn,3089458261,2020-08-10 20:32:18.000,11,308,308,Bàn gần khu vực sashimi.,10,308
Nguyễn Thị Ngân,6651135883,2017-03-21 14:55:09.000,15,309,309,Bàn gần khu vực nướng.,10,309
Nguyễn Văn Bình,7625756009,2017-08-10 20:25:43.000,3,310,310,Bàn ngoài trời.,2,310
Đặng Văn Dũng,6940841318,2019-06-10 10:13:36.000,1,311,311,Bàn gần cửa ra vào.,1,311
Nguyễn Văn An,4666797959,2021-08-24 21:18:26.000,1,312,312,Bàn gần khu vực lẩu.,5,312
Nguyễn Văn An,2973898656,2014-12-14 21:12:41.000,2,313,313,Bàn gần khu vực sushi.,8,313
Bùi Thị Tuyết,7345140044,2019-09-16 14:39:45.000,9,314,314,Bàn gần khu vực nướng.,6,314
Trần Văn Phong,6302521980,2014-10-29 13:45:35.000,5,315,315,Bàn gần khu vực sashimi.,9,315
Đỗ Thị Nga,9772943581,2013-10-31 10:47:21.000,1,316,316,Bàn gần khu vực sushi.,10,316
Nguyễn Thị Trang,8020326371,2011-10-15 16:48:39.000,1,317,317,Bàn gần khu vực nướng.,2,317
Nguyễn Văn An,5534668967,2013-03-26 21:52:27.000,1,318,318,Bàn gần khu vực nướng.,9,318
Lê Minh Hoàng,4846296042,2023-04-05 19:10:38.000,6,319,319,Bàn gần khu vực sashimi.,10,319
Bùi Văn Hùng,2905479289,2020-01-12 14:06:23.000,1,320,320,Bàn gần khu vực sushi.,6,320
Đỗ Văn Tiến,1180858897,2017-12-20 11:25:23.000,5,321,321,Bàn gần khu vực sashimi.,8,321
Trần Thị Bích,8135335599,2020-06-25 17:06:18.000,6,322,322,Bàn gần khu vực nướng.,9,322
Phạm Thị Dung,5202737454,2020-03-24 13:28:44.000,1,323,323,Bàn gần cửa sổ.,8,323
Phạm Văn Sơn,8971027170,2018-04-06 12:21:11.000,8,324,324,Bàn gần khu vực lẩu.,2,324
Trần Thị Hương,3114547218,2015-11-13 21:06:08.000,11,325,325,Bàn gần khu vực tempura.,3,325
Trần Văn Tuấn,2643503728,2022-06-29 14:30:09.000,1,326,326,Bàn gần khu vực tempura.,1,326
Đỗ Văn Việt,7144719340,2018-09-16 17:05:07.000,11,327,327,Bàn gần khu vực sushi.,8,327
Phạm Văn Vinh,7338157505,2017-11-15 09:13:27.000,1,328,328,Bàn gần khu vực sushi.,4,328
Hoàng Thị Yến,9743443555,2016-02-04 10:28:02.000,14,329,329,Bàn gần khu vực nướng.,9,329
Trần Thị Bích,1596005992,2023-03-18 19:29:31.000,1,330,330,Bàn gần khu vực tempura.,3,330
Trần Văn Nam,4104511560,2021-09-05 20:15:16.000,1,331,331,Bàn gần khu vực nướng.,3,331
Bùi Văn Long,5962974215,2018-11-13 18:19:47.000,1,332,332,Bàn gần khu vực nướng.,4,332
Đỗ Thị Lan,5840514502,2019-02-02 19:21:13.000,4,333,333,Bàn gần khu vực nướng.,8,333
Phan Văn Sơn,3272974561,2022-02-23 14:38:07.000,10,334,334,Bàn gần khu vực sashimi.,4,334
Đặng Văn Dũng,3085045815,2019-02-14 21:48:31.000,3,335,335,Bàn gần khu vực lẩu.,7,335
Vũ Thị Thu,9542879139,2021-05-17 15:03:53.000,1,336,336,Bàn gần khu vực lẩu.,9,336
Đỗ Văn Tiến,7157899252,2020-03-29 13:00:29.000,1,337,337,Bàn gần khu vực lẩu.,10,337
Vũ Thị Cúc,6659038981,2017-06-20 10:31:55.000,1,338,338,Bàn gần khu vực sashimi.,8,338
Đặng Thị Liên,2013327843,2023-05-15 21:24:52.000,1,339,339,Bàn gần khu vực nướng.,5,339
Đặng Văn Dũng,8694271328,2019-02-08 16:15:45.000,1,340,340,Bàn gần khu vực sushi.,4,340
Đặng Văn Toàn,7825397406,2012-11-09 10:24:14.000,1,341,341,Bàn gần khu vực nướng.,3,341
Vũ Văn Hiếu,2888777821,2010-05-25 20:53:39.000,2,342,342,Bàn gần khu vực sashimi.,10,342
Phan Văn Sơn,5994514957,2013-07-28 19:51:30.000,5,343,343,Bàn gần khu vực tempura.,1,343
Đặng Thị Liên,8951016304,2011-03-09 13:51:46.000,12,344,344,Bàn gần khu vực nướng.,4,344
Bùi Thị Hương,6291394626,2022-09-23 17:15:45.000,5,345,345,Bàn gần khu vực sushi.,10,345
Phan Văn Sơn,7912062983,2014-01-22 18:19:01.000,7,346,346,Bàn gần khu vực sashimi.,5,346
Vũ Thị Thanh,8507537550,2022-03-08 18:33:39.000,1,347,347,Bàn gần khu vực sushi.,6,347
Phan Thị Lệ,7588270545,2013-09-03 12:55:18.000,4,348,348,Bàn gần khu vực trẻ em.,8,348
Phạm Thị Lan,3841146382,2022-11-11 11:10:15.000,1,349,349,Bàn gần khu vực nướng.,6,349
Nguyễn Thị Ngân,3240072735,2024-06-14 18:44:28.000,9,350,350,Bàn gần khu vực lẩu.,6,350
Nguyễn Thị Trang,3506209999,2013-06-22 13:03:22.000,1,351,351,Bàn gần khu vực tempura.,3,351
Đặng Văn Thắng,8228179862,2024-10-28 14:27:58.000,4,352,352,Bàn gần khu vực tempura.,6,352
Phan Văn Bình,5679473623,2022-01-12 10:18:47.000,12,353,353,Bàn gần khu vực nướng.,2,353
Phạm Văn Phúc,4479742849,2019-10-10 13:15:56.000,12,354,354,Bàn gần khu vực sushi.,8,354
Phan Văn Sơn,2740263159,2014-01-07 21:59:21.000,9,355,355,Bàn gần khu vực nướng.,3,355
Phạm Thị Dung,9442483403,2019-11-03 11:41:18.000,6,356,356,Bàn gần khu vực nướng.,7,356
Bùi Thị Thu,9496622178,2016-01-13 16:51:11.000,3,357,357,Bàn gần khu vực nướng.,4,357
Lê Thị Quỳnh,1457673846,2023-11-22 19:33:58.000,1,358,358,Bàn gần khu vực sashimi.,10,358
Phạm Văn Phúc,2610325496,2014-09-04 09:19:22.000,1,359,359,Bàn gần khu vực lẩu.,7,359
Nguyễn Thị Ngọc,4576138072,2023-08-17 14:58:58.000,1,360,360,Bàn gần khu vực lẩu.,2,360
Hoàng Thị Yến,1594312339,2018-11-12 19:10:39.000,3,361,361,Bàn gần khu vực nướng.,1,361
Vũ Thị Thanh,5895740386,2014-07-06 10:47:05.000,1,362,362,Bàn gần khu vực sashimi.,4,362
Nguyễn Thị Ngọc,2475248375,2020-01-26 11:43:10.000,7,363,363,Bàn gần khu vực tempura.,4,363
Vũ Thị Cúc,3148058755,2019-08-31 18:35:52.000,1,364,364,Bàn gần khu vực sashimi.,4,364
Phạm Văn Quang,3905548252,2016-02-12 19:12:43.000,4,365,365,Bàn gần khu vực tempura.,5,365
Nguyễn Thị Mai,3182949463,2015-05-21 15:52:53.000,3,366,366,Bàn gần khu vực sushi.,9,366
Đặng Thị Hoa,8910281968,2020-12-25 20:08:15.000,5,367,367,Bàn gần khu vực nướng.,3,367
Bùi Thị Hương,5455015843,2013-05-25 19:08:15.000,14,368,368,Bàn gần khu vực sushi.,7,368
Nguyễn Thị Ngân,5311394168,2022-09-06 16:44:11.000,1,369,369,Bàn gần khu vực tempura.,7,369
Đỗ Thị Lan,6750942909,2022-11-03 19:20:23.000,1,370,370,Bàn gần khu vực sushi.,5,370
Bùi Văn Long,5184284669,2012-09-28 16:47:51.000,3,371,371,Bàn gần khu vực sushi.,1,371
Đỗ Văn Việt,3326581974,2019-12-30 20:22:45.000,14,372,372,Bàn gần khu vực sashimi.,9,372
Phạm Văn Sơn,2985817827,2020-04-03 16:18:05.000,1,373,373,Bàn gần khu vực sushi.,4,373
Phạm Văn Phúc,5476187883,2024-03-03 17:22:13.000,1,374,374,Bàn gần khu vực lẩu.,4,374
Bùi Thị Tuyết,4222612323,2020-11-23 12:57:32.000,3,375,375,Bàn gần khu vực sashimi.,4,375
Đỗ Thị Nga,1959309571,2013-11-28 12:11:30.000,4,376,376,Bàn gần khu vực sushi.,1,376
Bùi Thị Tuyết,4900379469,2014-10-14 16:18:43.000,1,377,377,Bàn gần khu vực lẩu.,7,377
Đặng Văn Toàn,1904000898,2022-11-01 21:53:26.000,13,378,378,Bàn gần khu vực nướng.,4,378
Trần Thị Cẩm,1449239865,2023-08-11 19:56:02.000,1,379,379,Bàn gần khu vực lẩu.,6,379
Nguyễn Văn Hải,5083921613,2022-09-28 12:58:24.000,9,380,380,Bàn gần khu vực nướng.,3,380
Vũ Thị Cúc,3617194054,2015-06-26 14:34:38.000,3,381,381,Bàn gần khu vực lẩu.,8,381
Vũ Thị Thanh,3003060944,2018-11-21 10:57:55.000,1,382,382,Bàn gần khu vực sashimi.,1,382
Đặng Văn Dũng,6621631612,2024-04-16 19:12:05.000,11,383,383,Bàn gần khu vực sashimi.,8,383
Hoàng Văn Lâm,9050486977,2023-02-19 20:14:48.000,12,384,384,Bàn gần khu vực sushi.,3,384
Bùi Thị Hương,5322139124,2011-08-04 21:36:18.000,1,385,385,Bàn riêng tư.,4,385
Bùi Thị Hương,5209567294,2015-03-15 16:55:09.000,1,386,386,Bàn gần khu vực lẩu.,4,386
Phạm Thị Lan,4691010088,2022-07-20 09:08:06.000,1,387,387,Bàn gần khu vực lẩu.,8,387
Phan Thị Hạnh,1165345635,2018-07-17 16:45:14.000,5,388,388,Bàn gần khu vực tempura.,6,388
Trần Văn Phong,9810450383,2017-09-22 19:13:18.000,9,389,389,Bàn gần khu vực lẩu.,4,389
Vũ Văn Long,1196643477,2015-12-02 14:54:12.000,10,390,390,Bàn gần khu vực sushi.,10,390
Lê Minh Đạt,3642739983,2013-05-10 20:58:04.000,6,391,391,Bàn gần khu vực sashimi.,7,391
Phạm Văn Phúc,3730942349,2014-10-10 15:00:54.000,5,392,392,Bàn gần khu vực tempura.,4,392
Bùi Thị Hương,4753383015,2013-05-07 20:30:40.000,1,393,393,Bàn gần khu vực tempura.,2,393
Phan Văn Bình,8395880638,2018-07-29 19:18:11.000,1,394,394,Bàn gần khu vực sushi.,7,394
Bùi Thị Hương,2373355080,2014-05-12 16:05:22.000,9,395,395,Bàn gần khu vực tempura.,2,395
Đặng Thị Mai,5840996992,2011-01-28 14:17:21.000,8,396,396,Bàn gần quầy bar.,9,396
Đặng Văn Toàn,1433656584,2013-11-04 13:51:22.000,14,397,397,Bàn gần khu vực nướng.,2,397
Phan Thị Hạnh,3602141670,2015-07-24 20:18:37.000,1,398,398,Bàn gần cửa ra vào.,6,398
Phạm Văn Phúc,9257053280,2019-08-15 19:21:42.000,6,399,399,Bàn gần khu vực sashimi.,10,399
Hoàng Thị Thanh,6654357380,2012-07-09 18:31:06.000,6,400,400,Bàn gần khu vực sashimi.,6,400
Lê Thị Ngọc,6420741439,2022-11-05 13:29:02.000,2,401,401,Bàn trong phòng VIP.,4,401
Lê Minh Châu,2120476702,2021-06-29 13:14:10.000,5,402,402,Bàn gần khu vực sushi.,10,402
Nguyễn Thị Trang,2273638794,2023-12-02 09:06:07.000,2,403,403,Bàn gần khu vực tempura.,3,403
Nguyễn Văn An,3540893376,2023-05-03 09:20:00.000,9,404,404,Bàn gần khu vực sashimi.,3,404
Trần Thị Bích,3240438864,2012-11-25 18:38:32.000,1,405,405,Bàn gần khu vực sushi.,7,405
Đỗ Thị Minh,4670295200,2022-11-03 13:41:01.000,1,406,406,Bàn gần khu vực nướng.,9,406
Vũ Thị Cúc,9534709232,2018-12-07 13:32:22.000,10,407,407,Bàn gần khu vực nướng.,7,407
Đỗ Văn Khánh,6236989057,2024-07-18 20:04:40.000,14,408,408,Bàn gần khu vực sushi.,7,408
Lê Minh Châu,2365222336,2014-08-13 20:41:03.000,1,409,409,Bàn gần khu vực nướng.,6,409
Phan Văn Bình,5575528457,2020-07-17 15:55:21.000,1,410,410,Bàn gần khu vực sushi.,5,410
Nguyễn Thị Ngân,6795470882,2020-07-16 13:56:53.000,15,411,411,Bàn gần khu vực tempura.,9,411
Hoàng Thị Thanh,8500576251,2018-05-16 21:10:23.000,1,412,412,Bàn gần khu vực lẩu.,6,412
Phạm Văn Vinh,8916143108,2024-10-27 11:36:37.000,7,413,413,Bàn gần khu vực tempura.,4,413
Bùi Thị Thu,4786591553,2012-10-19 10:45:09.000,10,414,414,Bàn gần khu vực tempura.,3,414
Đỗ Văn Việt,8448529242,2022-03-09 15:32:12.000,1,415,415,Bàn gần khu vực sashimi.,7,415
Bùi Thị Thu,1044382588,2016-05-09 14:35:56.000,12,416,416,Bàn gần khu vực sashimi.,8,416
Phạm Thị Dung,7619215684,2023-05-26 11:44:00.000,2,417,417,Bàn gần khu vực lẩu.,9,417
Trần Văn Phong,7237920865,2011-08-27 16:51:29.000,1,418,418,Bàn gần quầy bar.,2,418
Hoàng Thị Thanh,9881745620,2012-07-31 09:45:16.000,9,419,419,Bàn gần khu vực nướng.,10,419
Đặng Thị Mai,7871683822,2017-05-31 14:08:50.000,8,420,420,Bàn gần khu vực lẩu.,1,420
Bùi Thị Hương,3761204775,2022-09-18 21:52:14.000,3,421,421,Bàn gần khu vực sushi.,3,421
Vũ Thị Thảo,2730990460,2020-08-02 18:57:33.000,1,422,422,Bàn gần khu vực sashimi.,3,422
Đỗ Văn Khánh,1048257099,2020-09-01 19:20:37.000,1,423,423,Bàn gần khu vực lẩu.,3,423
Bùi Văn Hùng,3522643736,2023-04-16 14:25:06.000,2,424,424,Bàn gần khu vực sushi.,2,424
Đỗ Văn Việt,4774572818,2024-11-25 13:15:32.000,13,425,425,Bàn gần khu vực lẩu.,3,425
Trần Văn Phúc,1535595684,2024-04-02 12:32:39.000,15,426,426,Bàn gần khu vực tempura.,1,426
Đặng Văn Toàn,2810450496,2024-06-24 11:54:55.000,5,427,427,Bàn gần khu vực lẩu.,5,427
Phan Văn Thắng,8710979680,2016-05-11 17:00:44.000,1,428,428,Bàn gần cửa sổ.,1,428
Lê Thị Vân,4925279844,2016-12-13 09:48:35.000,1,429,429,Bàn gần khu vực sashimi.,7,429
Vũ Thị Cúc,8443022297,2024-03-21 15:18:39.000,1,430,430,Bàn gần khu vực nướng.,9,430
Đỗ Văn Việt,1790932584,2015-12-07 13:02:24.000,1,431,431,Bàn gần khu vực sashimi.,10,431
Đỗ Văn Tiến,3789644387,2019-11-27 13:04:24.000,1,432,432,Bàn gần khu vực sushi.,7,432
Phan Thị Hạnh,9988317543,2014-04-05 21:08:39.000,1,433,433,Bàn gần khu vực nướng.,2,433
Trần Văn Tuấn,6562730910,2024-09-24 20:04:31.000,15,434,434,Bàn gần khu vực tempura.,8,434
Đặng Văn Thắng,8660107569,2016-05-12 16:20:18.000,10,435,435,Bàn gần khu vực sashimi.,1,435
Vũ Văn Hiếu,4448363952,2021-11-19 17:02:25.000,13,436,436,Bàn ngoài trời.,1,436
Vũ Văn Hiếu,9194674172,2010-08-13 19:55:39.000,4,437,437,Bàn gần khu vực tempura.,2,437
Nguyễn Thị Trang,3718123574,2020-12-01 16:13:46.000,15,438,438,Bàn gần khu vực nướng.,10,438
Hoàng Văn Hùng,6503565458,2011-06-16 18:11:50.000,3,439,439,Bàn gần khu vực lẩu.,6,439
Phan Văn Bình,4967045023,2017-07-07 16:56:20.000,1,440,440,Bàn gần khu vực nướng.,2,440
Trần Văn Nam,2059539546,2023-06-08 18:52:50.000,1,441,441,Bàn gần khu vực nướng.,7,441
Bùi Thị Hương,8887328941,2018-10-07 18:16:53.000,11,442,442,Bàn gần khu vực sashimi.,10,442
Trần Thị Bích,3566756701,2011-12-06 15:56:40.000,2,443,443,Bàn gần khu vực tempura.,1,443
Phan Văn Bình,5127296670,2023-09-13 16:44:55.000,13,444,444,Bàn gần khu vực tempura.,5,444
Vũ Thị Cúc,1695556448,2017-03-11 09:08:57.000,1,445,445,Bàn gần khu vực nướng.,9,445
Phan Văn Sơn,2988097350,2010-12-29 18:43:31.000,1,446,446,Bàn gần khu vực nướng.,5,446
Trần Văn Tuấn,1568005853,2023-08-24 15:39:33.000,14,447,447,Bàn gần khu vực tempura.,1,447
Vũ Thị Thu,2643276620,2014-05-11 21:14:40.000,1,448,448,Bàn gần khu vực sushi.,1,448
Hoàng Văn Đức,1486050347,2017-11-03 13:42:02.000,1,449,449,Bàn gần khu vực sashimi.,4,449
Đặng Văn Toàn,3954199427,2018-12-22 16:14:58.000,8,450,450,Bàn gần khu vực nướng.,8,450
Bùi Văn Long,5633680747,2022-04-16 17:15:44.000,1,451,451,Bàn gần khu vực lẩu.,1,451
Phan Văn Sơn,5359796176,2012-05-22 15:10:36.000,3,452,452,Bàn gần khu vực lẩu.,10,452
Nguyễn Thị Mai,7131200014,2020-08-23 19:50:05.000,1,453,453,Bàn gần khu vực tempura.,9,453
Phạm Văn Phúc,3345149224,2023-12-18 16:30:10.000,14,454,454,Bàn gần khu vực tempura.,3,454
Vũ Thị Cúc,3419024737,2022-06-15 21:24:59.000,1,455,455,Bàn gần khu vực tempura.,10,455
Đỗ Văn Khánh,7319949930,2022-07-16 21:00:04.000,1,456,456,Bàn gần khu vực sashimi.,8,456
Đỗ Văn Khánh,1667479935,2024-07-27 10:44:55.000,12,457,457,Bàn gần khu vực tempura.,6,457
Phạm Thị Dung,3984974773,2018-06-10 19:28:50.000,9,458,458,Bàn gần khu vực nướng.,4,458
Bùi Văn Hùng,1562770626,2024-09-04 20:02:50.000,1,459,459,Bàn gần khu vực sushi.,4,459
Nguyễn Văn Hải,5187365381,2012-07-06 18:18:59.000,1,460,460,Bàn gần khu vực lẩu.,5,460
Bùi Văn Minh,5366039120,2014-01-31 09:17:48.000,2,461,461,Bàn gần khu vực trẻ em.,8,461
Vũ Văn Lâm,6054371523,2010-10-11 19:45:37.000,1,462,462,Bàn gần khu vực lẩu.,6,462
Hoàng Thị Thanh,7356880741,2012-04-28 12:25:56.000,1,463,463,Bàn gần khu vực lẩu.,10,463
Phạm Văn Vinh,4815169868,2011-06-20 12:22:55.000,15,464,464,Bàn ngoài trời.,5,464
Trần Thị Bích,8003526146,2015-12-07 09:40:23.000,11,465,465,Bàn gần khu vực sashimi.,9,465
Bùi Thị Tuyết,8965162347,2017-12-22 14:03:10.000,1,466,466,Bàn gần khu vực sushi.,3,466
Trần Thị Cẩm,2000069355,2020-11-10 14:03:47.000,7,467,467,Bàn gần khu vực sushi.,7,467
Phan Văn Bình,3490587322,2019-10-31 17:09:01.000,1,468,468,Bàn gần khu vực nướng.,4,468
Nguyễn Thị Mai,9125998617,2024-10-14 10:26:49.000,12,469,469,Bàn gần khu vực lẩu.,6,469
Hoàng Thị Yến,7943228569,2024-09-26 10:32:45.000,1,470,470,Bàn gần khu vực nướng.,10,470
Nguyễn Văn Bình,7468971341,2018-08-31 20:30:00.000,1,471,471,Bàn gần cửa ra vào.,8,471
Hoàng Thị Thanh,8815039088,2017-04-09 10:51:50.000,1,472,472,Bàn gần khu vực sushi.,2,472
Bùi Văn Minh,7430852816,2018-09-11 14:08:51.000,1,473,473,Bàn gần khu vực lẩu.,5,473
Phạm Thị Dung,2410057742,2019-06-26 16:44:09.000,1,474,474,Bàn gần khu vực lẩu.,9,474
Lê Minh Châu,5522169859,2023-10-03 18:20:12.000,9,475,475,Bàn gần khu vực sashimi.,3,475
Đỗ Văn Tiến,4660236412,2024-08-15 10:44:57.000,13,476,476,Bàn gần khu vực nướng.,2,476
Vũ Thị Cúc,9158773082,2023-10-05 18:36:34.000,2,477,477,Bàn gần khu vực nướng.,3,477
Phan Văn Sơn,1460258404,2013-10-26 09:38:52.000,5,478,478,Bàn gần khu vực sashimi.,8,478
Trần Thị Cẩm,7567595871,2015-01-01 13:54:32.000,2,479,479,Bàn gần khu vực sashimi.,6,479
Bùi Văn Hùng,2122113615,2022-07-09 16:45:50.000,1,480,480,Bàn gần khu vực sashimi.,2,480
Vũ Văn Hiếu,9423686636,2023-12-17 12:52:06.000,6,481,481,Bàn gần khu vực tempura.,2,481
Vũ Văn Hiếu,3104667853,2024-02-08 16:43:49.000,1,482,482,Bàn gần khu vực sushi.,6,482
Lê Minh Châu,3080931812,2019-05-28 21:16:48.000,1,483,483,Bàn gần khu vực nướng.,2,483
Đỗ Thị Nga,4881251362,2022-08-03 20:07:48.000,1,484,484,Bàn gần khu vực lẩu.,6,484
Bùi Văn Hùng,9747915922,2018-03-31 20:03:51.000,10,485,485,Bàn gần khu vực sashimi.,2,485
Đỗ Văn Tiến,9121990370,2024-07-17 18:05:50.000,14,486,486,Bàn gần khu vực sashimi.,7,486
Phạm Văn Vinh,2674797705,2023-07-25 20:00:30.000,5,487,487,Bàn gần khu vực sushi.,8,487
Bùi Thị Tuyết,9529862238,2021-06-01 16:33:03.000,1,488,488,Bàn gần khu vực tempura.,5,488
Phạm Văn Vinh,2396859348,2015-07-21 14:04:23.000,1,489,489,Bàn gần khu vực nướng.,8,489
Hoàng Thị Quỳnh,6363487922,2010-09-26 10:31:49.000,1,490,490,Bàn gần khu vực tempura.,1,490
Phan Thị Kim,7627843314,2019-11-29 14:57:32.000,2,491,491,Bàn gần khu vực lẩu.,9,491
Bùi Thị Hương,8261490467,2016-01-22 19:27:52.000,13,492,492,Bàn gần khu vực sashimi.,10,492
Đỗ Thị Minh,8304034572,2010-05-23 20:44:28.000,1,493,493,Bàn gần khu vực sashimi.,1,493
Phan Văn Thắng,4349632286,2023-10-17 16:42:23.000,10,494,494,Bàn gần khu vực lẩu.,6,494
Đặng Văn Thắng,4653980389,2018-01-06 16:51:28.000,1,495,495,Bàn gần khu vực lẩu.,1,495
Đặng Văn Thắng,3279888183,2024-06-08 09:14:51.000,14,496,496,Bàn riêng tư.,10,496
Hoàng Văn Hùng,3321041084,2024-06-24 09:07:56.000,1,497,497,Bàn gần khu vực lẩu.,10,497
Lê Minh Châu,7321545012,2019-06-01 18:15:52.000,3,498,498,Bàn gần khu vực sushi.,2,498
Nguyễn Văn Bình,8238978154,2017-09-29 15:58:36.000,10,499,499,Bàn gần khu vực nướng.,10,499
Phan Thị Kim,9608622262,2010-07-07 09:53:41.000,1,500,500,Bàn gần khu vực sushi.,9,500
Đặng Thị Hoa,8551129764,2023-08-29 18:52:48.000,5,501,501,Bàn gần cửa sổ.,6,501
Hoàng Thị Quỳnh,6621885290,2010-12-14 16:11:05.000,1,502,502,Bàn gần khu vực tempura.,4,502
Đặng Văn Thắng,2985292378,2011-04-25 16:54:45.000,1,503,503,Bàn gần khu vực lẩu.,9,503
Đặng Thị Liên,7052942238,2013-08-16 15:34:48.000,5,504,504,Bàn ngoài trời.,10,504
Trần Văn Tuấn,2358107084,2013-07-11 11:42:07.000,1,505,505,Bàn gần khu vực sashimi.,5,505
Bùi Thị Tuyết,2290986224,2023-06-25 09:46:39.000,9,506,506,Bàn gần khu vực sashimi.,9,506
Phan Văn Bình,8934772589,2024-07-18 17:45:18.000,15,507,507,Bàn gần khu vực sashimi.,9,507
Đặng Văn Toàn,6335514575,2021-01-29 12:14:32.000,9,508,508,Bàn gần khu vực tempura.,5,508
Phạm Văn Vinh,6718136103,2019-09-14 16:38:47.000,5,509,509,Bàn gần khu vực sushi.,1,509
Phạm Văn Quang,6945527437,2010-10-09 17:36:09.000,1,510,510,Bàn gần khu vực nướng.,8,510
Hoàng Văn Đức,7649259874,2018-04-23 12:02:49.000,2,511,511,Bàn gần khu vực lẩu.,2,511
Lê Thị Phương,1261736472,2021-03-15 16:59:34.000,1,512,512,Bàn gần khu vực nướng.,3,512
Đỗ Thị Nga,2543870540,2014-05-25 14:43:17.000,2,513,513,Bàn gần khu vực lẩu.,8,513
Phạm Văn Phúc,4178951196,2013-11-05 21:50:06.000,1,514,514,Bàn gần khu vực lẩu.,3,514
Nguyễn Văn An,1172963313,2023-07-07 18:47:14.000,1,515,515,Bàn gần khu vực sushi.,2,515
Hoàng Thị Quỳnh,1437461544,2017-12-24 13:31:02.000,1,516,516,Bàn gần khu vực sashimi.,3,516
Đặng Văn Toàn,4352194792,2012-07-15 10:01:48.000,7,517,517,Bàn gần khu vực lẩu.,5,517
Nguyễn Thị Trang,4280566660,2024-05-06 16:48:25.000,2,518,518,Bàn gần khu vực nướng.,7,518
Nguyễn Thị Trang,7994681813,2015-10-17 12:51:24.000,1,519,519,Bàn gần khu vực lẩu.,1,519
Phan Văn Thịnh,2167130145,2020-08-12 16:04:08.000,1,520,520,Bàn gần khu vực sashimi.,7,520
Trần Văn Phúc,3260373582,2021-11-05 14:03:14.000,1,521,521,Bàn gần khu vực lẩu.,8,521
Phạm Văn Sơn,5983586305,2016-01-25 16:22:13.000,1,522,522,Bàn gần khu vực nướng.,3,522
Vũ Thị Cúc,9734484246,2011-02-13 17:33:30.000,1,523,523,Bàn gần khu vực tempura.,6,523
Vũ Thị Cúc,7143936645,2014-03-01 11:04:02.000,15,524,524,Bàn gần khu vực nướng.,9,524
Nguyễn Thị Mai,9081763461,2023-04-12 17:43:17.000,10,525,525,Bàn gần khu vực lẩu.,7,525
Vũ Văn Lâm,3989741058,2013-01-24 19:03:42.000,1,526,526,Bàn gần khu vực tempura.,4,526
Phạm Văn Vinh,9677558892,2020-11-26 15:44:12.000,12,527,527,Bàn gần khu vực nướng.,8,527
Đỗ Thị Minh,4352068708,2015-09-21 19:12:49.000,1,528,528,Bàn gần khu vực sashimi.,6,528
Đặng Văn Thắng,8471245059,2013-08-12 13:43:13.000,6,529,529,Bàn gần khu vực nướng.,3,529
Đặng Văn Toàn,7867021430,2024-09-22 21:31:31.000,3,530,530,Bàn gần khu vực tempura.,2,530
Nguyễn Văn An,5118686970,2020-08-10 15:51:18.000,1,531,531,Bàn gần khu vực tempura.,2,531
Nguyễn Văn An,2372471683,2020-09-27 15:55:19.000,1,532,532,Bàn gần khu vực lẩu.,8,532
Lê Minh Hoàng,2153815922,2013-07-18 09:19:49.000,1,533,533,Bàn gần khu vực sashimi.,6,533
Trần Thị Bích,9467520882,2022-01-15 15:23:50.000,5,534,534,Bàn gần khu vực tempura.,9,534
Vũ Văn Hiếu,2103048209,2023-02-01 18:05:30.000,1,535,535,Bàn gần khu vực nướng.,3,535
Nguyễn Văn Bình,3394388593,2013-06-28 13:26:23.000,12,536,536,Bàn gần khu vực sashimi.,2,536
Hoàng Văn Lâm,8442464287,2013-11-05 10:15:59.000,1,537,537,Bàn gần khu vực tempura.,10,537
Phạm Thị Lan,9367383142,2013-10-11 17:01:18.000,3,538,538,Bàn gần khu vực nướng.,8,538
Trần Văn Tuấn,9327419220,2024-02-14 17:19:55.000,6,539,539,Bàn gần khu vực sushi.,7,539
Phạm Văn Vinh,7470119693,2015-06-04 17:35:10.000,13,540,540,Bàn gần khu vực sushi.,7,540
Hoàng Văn Đức,6694851902,2021-09-12 13:04:13.000,5,541,541,Bàn gần quầy bar.,6,541
Phan Văn Thịnh,2520062665,2021-12-16 09:53:46.000,12,542,542,Bàn gần khu vực nướng.,3,542
Phan Thị Hạnh,5140803814,2013-06-18 20:39:57.000,6,543,543,Bàn gần khu vực nướng.,9,543
Bùi Thị Thu,4220545968,2018-04-18 10:03:38.000,1,544,544,Bàn gần khu vực lẩu.,9,544
Hoàng Thị Yến,8367422490,2013-10-27 18:03:44.000,5,545,545,Bàn gần khu vực tempura.,5,545
Trần Văn Nam,1672759289,2023-10-23 17:46:54.000,10,546,546,Bàn gần khu vực nướng.,1,546
Vũ Thị Thu,9431743802,2023-11-13 16:39:48.000,1,547,547,Bàn gần khu vực sashimi.,4,547
Đỗ Văn Việt,2417284865,2010-05-08 14:07:06.000,1,548,548,Bàn gần khu vực lẩu.,5,548
Phan Thị Lệ,1262476517,2024-07-14 17:35:42.000,11,549,549,Bàn gần khu vực lẩu.,8,549
Nguyễn Thị Mai,7917976911,2024-12-07 10:03:46.000,15,550,550,Bàn gần khu vực sushi.,5,550
Trần Văn Tuấn,5015600564,2012-01-17 14:30:34.000,1,551,551,Bàn gần khu vực sushi.,8,551
Đặng Thị Hoa,3454304153,2022-01-21 18:23:47.000,11,552,552,Bàn trong phòng VIP.,1,552
Lê Thị Phương,2285744171,2011-01-06 14:15:04.000,1,553,553,Bàn gần khu vực sushi.,7,553
Trần Văn Phúc,1469848996,2023-09-19 20:59:46.000,12,554,554,Bàn gần khu vực nướng.,5,554
Nguyễn Thị Ngân,7011439394,2023-03-19 14:17:47.000,1,555,555,Bàn gần khu vực nướng.,6,555
Phan Văn Bình,5165707950,2011-12-06 13:08:04.000,8,556,556,Bàn gần cửa ra vào.,4,556
Lê Minh Hoàng,8378763802,2024-09-05 12:39:09.000,10,557,557,Bàn gần quầy bar.,1,557
Phan Văn Sơn,2139028389,2024-04-16 10:45:36.000,2,558,558,Bàn gần khu vực tempura.,5,558
Đặng Văn Toàn,5986117788,2015-08-22 14:55:49.000,10,559,559,Bàn gần khu vực sushi.,3,559
Bùi Văn Long,4085227482,2013-10-26 09:05:54.000,1,560,560,Bàn gần khu vực tempura.,6,560
Phan Thị Lệ,7465299769,2024-10-27 11:23:49.000,6,561,561,Bàn gần khu vực nướng.,7,561
Đặng Văn Thắng,7053499697,2019-04-06 17:05:41.000,12,562,562,Bàn gần khu vực sushi.,3,562
Bùi Thị Thu,1932282020,2018-08-07 16:25:08.000,3,563,563,Bàn gần khu vực sashimi.,9,563
Nguyễn Thị Trang,5671937380,2018-12-21 13:31:52.000,1,564,564,Bàn gần khu vực nướng.,9,564
Trần Thị Bích,3201360659,2012-08-07 10:20:08.000,10,565,565,Bàn gần khu vực sushi.,5,565
Đặng Thị Liên,6325985276,2013-07-19 12:14:33.000,1,566,566,Bàn gần khu vực tempura.,10,566
Đỗ Thị Minh,9360704181,2018-09-18 19:44:35.000,1,567,567,Bàn gần khu vực sashimi.,2,567
Bùi Văn Hùng,8192775347,2015-07-10 21:05:20.000,1,568,568,Bàn gần khu vực nướng.,10,568
Phạm Văn Phúc,5015462385,2019-02-02 14:29:30.000,4,569,569,Bàn gần khu vực tempura.,9,569
Đặng Thị Hoa,6065477108,2020-12-04 09:31:51.000,6,570,570,Bàn gần khu vực lẩu.,9,570
Phan Thị Kim,1566656831,2024-02-19 12:41:40.000,6,571,571,Bàn gần khu vực nướng.,2,571
Hoàng Văn Hùng,7350404965,2019-08-19 11:30:47.000,9,572,572,Bàn gần khu vực tempura.,1,572
Bùi Thị Tuyết,3112143716,2021-07-21 15:46:39.000,1,573,573,Bàn gần khu vực nướng.,10,573
Phạm Thị Dung,4837699590,2022-08-03 12:08:39.000,1,574,574,Bàn gần khu vực tempura.,3,574
Hoàng Thị Yến,6081551936,2016-02-07 21:30:34.000,4,575,575,Bàn gần khu vực lẩu.,3,575
Hoàng Thị Thanh,3280471470,2021-04-15 10:36:09.000,2,576,576,Bàn gần khu vực tempura.,3,576
Lê Minh Đạt,9178212716,2015-07-31 19:53:55.000,1,577,577,Bàn gần khu vực tempura.,5,577
Phạm Văn Quang,8595574318,2017-09-30 16:26:05.000,1,578,578,Bàn gần khu vực tempura.,3,578
Bùi Thị Tuyết,4075865269,2023-12-01 10:26:29.000,1,579,579,Bàn gần khu vực sushi.,10,579
Vũ Văn Lâm,4695198339,2013-10-30 20:13:07.000,6,580,580,Bàn gần khu vực lẩu.,1,580
Phạm Thị Hồng,9352681562,2010-12-26 15:12:00.000,1,581,581,Bàn gần khu vực tempura.,9,581
Phạm Thị Lan,6876691341,2023-11-21 13:00:57.000,4,582,582,Bàn gần khu vực sashimi.,9,582
Trần Thị Hương,9096068723,2023-08-06 15:54:58.000,3,583,583,Bàn gần khu vực sashimi.,1,583
Bùi Văn Hùng,7993929368,2022-09-06 13:26:45.000,2,584,584,Bàn gần khu vực nướng.,7,584
Đặng Thị Hoa,5836327981,2016-09-16 17:36:05.000,1,585,585,Bàn gần khu vực nướng.,6,585
Trần Thị Bích,1208625486,2024-04-07 10:28:37.000,10,586,586,Bàn gần khu vực sashimi.,3,586
Phạm Văn Quang,6423783970,2020-06-04 14:53:12.000,13,587,587,Bàn gần khu vực sushi.,8,587
Nguyễn Thị Ngọc,5210679376,2012-02-10 20:38:01.000,8,588,588,Bàn gần khu vực trẻ em.,7,588
Đặng Thị Hoa,5651175539,2022-06-06 12:29:50.000,1,589,589,Bàn gần khu vực trẻ em.,7,589
Vũ Văn Lâm,8203927176,2016-07-24 13:15:35.000,1,590,590,Bàn gần khu vực tempura.,9,590
Vũ Văn Lâm,6539146553,2010-07-28 19:37:28.000,1,591,591,Bàn gần khu vực sushi.,7,591
Phạm Thị Dung,9073215239,2022-10-15 09:32:32.000,1,592,592,Bàn gần khu vực sashimi.,2,592
Nguyễn Thị Ngọc,2449368273,2024-02-20 18:06:21.000,6,593,593,Bàn gần khu vực sushi.,9,593
Trần Thị Bích,2394772367,2018-05-10 11:19:09.000,1,594,594,Bàn gần khu vực lẩu.,1,594
Bùi Văn Hùng,5716023568,2013-06-02 13:11:05.000,6,595,595,Bàn gần khu vực sushi.,4,595
Lê Thị Vân,9723947098,2024-11-26 11:42:33.000,1,596,596,Bàn gần khu vực lẩu.,2,596
Lê Minh Đạt,9043404850,2024-08-23 19:10:35.000,14,597,597,Bàn gần khu vực sashimi.,8,597
Bùi Thị Thu,8932226632,2018-02-12 13:10:31.000,12,598,598,Bàn gần khu vực tempura.,7,598
Lê Thị Ngọc,2548176794,2012-07-03 16:08:09.000,2,599,599,Bàn gần khu vực nướng.,8,599
Đỗ Thị Minh,1659335840,2016-06-15 20:04:44.000,1,600,600,Bàn gần khu vực sushi.,9,600
Vũ Thị Cúc,1378725031,2022-07-09 21:36:27.000,5,601,601,Bàn gần khu vực sashimi.,9,601
Đỗ Thị Lan,9146816170,2019-06-24 17:46:47.000,14,602,602,Bàn gần khu vực tempura.,1,602
Phan Văn Thịnh,9922604749,2023-01-11 15:16:11.000,1,603,603,Bàn gần khu vực sashimi.,3,603
Vũ Văn Hiếu,6815106549,2022-04-19 19:29:16.000,1,604,604,Bàn gần khu vực lẩu.,6,604
Đỗ Thị Lan,2049977330,2015-04-05 16:50:25.000,11,605,605,Bàn gần khu vực lẩu.,2,605
Đặng Văn Dũng,1206490563,2017-10-15 19:56:40.000,2,606,606,Bàn gần quầy bar.,3,606
Vũ Văn Lâm,4700113460,2010-08-26 16:43:46.000,1,607,607,Bàn gần khu vực sashimi.,3,607
Nguyễn Văn An,5487417596,2016-12-26 21:32:26.000,1,608,608,Bàn gần khu vực lẩu.,5,608
Phạm Văn Quang,3598357311,2013-08-16 18:50:53.000,1,609,609,Bàn gần khu vực nướng.,9,609
Vũ Thị Cúc,8586884201,2012-08-14 13:51:01.000,11,610,610,Bàn gần khu vực sashimi.,6,610
Trần Văn Nam,5337073194,2020-08-01 10:03:55.000,1,611,611,Bàn gần khu vực sashimi.,10,611
Phan Văn Thịnh,4023995151,2013-01-13 09:43:33.000,1,612,612,Bàn gần khu vực sushi.,3,612
Vũ Văn Hiếu,1698306103,2021-09-28 16:25:21.000,2,613,613,Bàn gần khu vực tempura.,2,613
Đỗ Văn Tiến,9177059169,2023-08-16 13:46:05.000,10,614,614,Bàn gần khu vực tempura.,5,614
Phan Thị Lệ,5299393773,2024-07-19 20:20:16.000,10,615,615,Bàn gần khu vực lẩu.,2,615
Hoàng Thị Quỳnh,9923232156,2022-02-07 11:36:31.000,1,616,616,Bàn gần khu vực sushi.,10,616
Đỗ Văn Khánh,8436251763,2013-07-03 16:23:43.000,1,617,617,Bàn gần khu vực sashimi.,2,617
Nguyễn Văn Bình,1392439602,2024-08-18 09:37:23.000,14,618,618,Bàn gần khu vực sashimi.,7,618
Đỗ Thị Nga,4166616621,2015-08-08 20:49:22.000,4,619,619,Bàn gần khu vực sashimi.,1,619
Đỗ Văn Khánh,4367699340,2017-12-31 14:10:59.000,1,620,620,Bàn gần khu vực sushi.,6,620
Đặng Văn Thắng,1378626340,2015-12-23 09:50:26.000,1,621,621,Bàn gần cửa ra vào.,6,621
Đặng Thị Liên,1839614166,2020-04-26 13:32:20.000,6,622,622,Bàn gần quầy bar.,3,622
Đặng Thị Hoa,4376625168,2020-09-29 10:23:54.000,8,623,623,Bàn gần khu vực sushi.,8,623
Phạm Văn Vinh,9208993223,2022-02-21 20:37:09.000,1,624,624,Bàn gần khu vực lẩu.,7,624
Hoàng Văn Lâm,7978378810,2015-09-06 09:43:01.000,1,625,625,Bàn gần khu vực sashimi.,3,625
Bùi Thị Thu,5629083228,2012-03-20 10:30:22.000,12,626,626,Bàn gần khu vực sashimi.,10,626
Nguyễn Thị Trang,8374456697,2016-07-20 10:23:00.000,11,627,627,Bàn gần khu vực lẩu.,9,627
Nguyễn Thị Mai,8006750352,2016-06-09 21:54:10.000,3,628,628,Bàn gần khu vực nướng.,4,628
Trần Văn Phúc,9964711104,2024-02-01 16:53:11.000,1,629,629,Bàn gần khu vực sashimi.,3,629
Trần Văn Nam,9786700717,2020-04-07 12:13:29.000,2,630,630,Bàn gần khu vực tempura.,10,630
Đỗ Thị Lan,6882060500,2012-12-28 16:31:07.000,1,631,631,Bàn gần khu vực sushi.,7,631
Lê Thị Phương,5735310289,2018-07-27 18:27:19.000,1,632,632,Bàn ngoài trời.,10,632
Phạm Thị Dung,2670158074,2012-03-09 19:39:15.000,1,633,633,Bàn gần khu vực nướng.,10,633
Trần Thị Cẩm,5049982247,2021-02-24 19:27:54.000,1,634,634,Bàn gần khu vực sashimi.,10,634
Đỗ Văn Khánh,5199590365,2022-04-10 12:07:07.000,1,635,635,Bàn gần khu vực sushi.,10,635
Phan Văn Sơn,7052395362,2024-03-09 12:48:01.000,8,636,636,Bàn gần khu vực nướng.,4,636
Vũ Văn Long,1969190707,2017-10-12 16:43:29.000,1,637,637,Bàn gần khu vực sashimi.,7,637
Trần Văn Phong,9097646253,2019-12-28 17:52:23.000,1,638,638,Bàn gần khu vực tempura.,10,638
Hoàng Thị Thanh,7298552026,2011-01-02 14:15:32.000,1,639,639,Bàn gần khu vực nướng.,2,639
Phạm Văn Phúc,3301826172,2024-08-01 11:35:27.000,7,640,640,Bàn gần khu vực lẩu.,9,640
Hoàng Thị Quỳnh,1612055048,2016-11-08 15:52:15.000,1,641,641,Bàn gần khu vực tempura.,10,641
Đặng Văn Toàn,4758070504,2020-05-24 20:00:38.000,1,642,642,Bàn gần khu vực lẩu.,10,642
Vũ Văn Lâm,8281104295,2014-06-25 09:05:33.000,15,643,643,Bàn gần khu vực sashimi.,5,643
Vũ Văn Lâm,9707635711,2021-12-19 16:13:28.000,13,644,644,Bàn trong phòng VIP.,3,644
Vũ Văn Lâm,4113791040,2018-05-06 09:29:49.000,3,645,645,Bàn gần khu vực sashimi.,10,645
Lê Thị Vân,2430677424,2016-12-21 20:43:07.000,1,646,646,Bàn gần khu vực nướng.,10,646
Bùi Thị Hương,9850573617,2010-06-27 10:56:37.000,1,647,647,Bàn gần khu vực nướng.,8,647
Đỗ Văn Việt,6595114533,2023-07-02 15:07:17.000,15,648,648,Bàn gần khu vực lẩu.,2,648
Đỗ Văn Việt,4107340322,2022-06-11 20:39:42.000,1,649,649,Bàn gần cửa sổ.,9,649
Lê Minh Đạt,7950891210,2023-11-06 09:51:21.000,1,650,650,Bàn gần khu vực lẩu.,5,650
Đặng Thị Mai,8883500424,2023-04-21 17:36:20.000,5,651,651,Bàn gần khu vực sashimi.,3,651
Nguyễn Thị Ngân,6582755648,2015-07-14 14:02:34.000,3,652,652,Bàn gần khu vực sashimi.,9,652
Phan Thị Hạnh,7588468324,2011-01-15 14:27:37.000,1,653,653,Bàn gần khu vực lẩu.,1,653
Phạm Văn Quang,2156127929,2013-10-03 09:15:57.000,2,654,654,Bàn gần khu vực tempura.,1,654
Bùi Thị Tuyết,8649879985,2024-06-18 11:01:31.000,6,655,655,Bàn gần khu vực sashimi.,1,655
Nguyễn Văn An,9633214672,2016-04-08 13:49:00.000,1,656,656,Bàn gần khu vực sushi.,7,656
Đỗ Văn Việt,2536444453,2024-06-08 11:02:17.000,1,657,657,Bàn gần khu vực sashimi.,8,657
Hoàng Thị Thanh,9136137333,2017-01-22 11:09:25.000,1,658,658,Bàn gần khu vực sushi.,7,658
Bùi Thị Tuyết,5491372615,2013-06-06 10:44:31.000,1,659,659,Bàn gần khu vực tempura.,9,659
Nguyễn Văn Bình,9197921595,2014-03-21 19:28:08.000,1,660,660,Bàn gần khu vực sashimi.,7,660
Lê Thị Quỳnh,8982591973,2019-01-04 11:48:32.000,1,661,661,Bàn gần khu vực tempura.,8,661
Trần Thị Bích,9791840785,2016-03-09 12:45:11.000,1,662,662,Bàn gần khu vực nướng.,7,662
Phan Thị Hạnh,4349533454,2021-11-20 09:33:13.000,1,663,663,Bàn riêng tư.,5,663
Trần Thị Cẩm,5418017451,2012-05-04 15:50:11.000,1,664,664,Bàn gần khu vực nướng.,2,664
Vũ Thị Thu,2726772352,2024-10-09 13:21:11.000,2,665,665,Bàn gần khu vực lẩu.,5,665
Phan Văn Sơn,3418476213,2021-08-10 13:51:20.000,9,666,666,Bàn gần khu vực lẩu.,3,666
Đỗ Thị Minh,7519438525,2012-06-21 15:38:02.000,1,667,667,Bàn gần khu vực lẩu.,4,667
Trần Văn Nam,3168834070,2015-05-28 10:55:09.000,1,668,668,Bàn gần khu vực sashimi.,1,668
Phan Văn Thắng,2524997236,2014-11-11 17:31:23.000,1,669,669,Bàn gần khu vực nướng.,9,669
Phạm Văn Phúc,7154323270,2021-03-24 21:20:48.000,1,670,670,Bàn gần khu vực lẩu.,2,670
Vũ Văn Hiếu,6899552202,2023-01-09 14:33:02.000,1,671,671,Bàn gần khu vực nướng.,10,671
Trần Thị Hương,9095249013,2020-11-02 14:20:48.000,1,672,672,Bàn riêng tư.,10,672
Phan Thị Hạnh,7304209815,2019-04-28 15:54:48.000,2,673,673,Bàn gần khu vực nướng.,2,673
Vũ Thị Thảo,1157808649,2022-10-09 11:36:54.000,1,674,674,Bàn gần khu vực sashimi.,9,674
Vũ Văn Long,5456600586,2015-12-31 18:19:09.000,4,675,675,Bàn gần khu vực nướng.,7,675
Đặng Văn Toàn,7780076797,2010-11-02 12:16:00.000,6,676,676,Bàn gần khu vực nướng.,4,676
Hoàng Thị Thanh,9345305119,2024-06-02 14:39:15.000,2,677,677,Bàn gần khu vực sashimi.,2,677
Lê Thị Vân,2159939620,2020-01-16 17:07:44.000,12,678,678,Bàn gần khu vực sushi.,8,678
Lê Thị Ngọc,3691202734,2020-06-22 12:40:50.000,3,679,679,Bàn gần khu vực sashimi.,4,679
Trần Thị Bích,3866013445,2024-06-25 15:29:26.000,12,680,680,Bàn gần khu vực sashimi.,10,680
Nguyễn Thị Trang,1861607000,2018-08-03 09:18:41.000,10,681,681,Bàn gần khu vực nướng.,8,681
Đỗ Văn Khánh,4261523159,2010-09-21 21:41:54.000,1,682,682,Bàn gần khu vực sashimi.,8,682
Nguyễn Văn An,8243774127,2015-06-29 09:34:42.000,1,683,683,Bàn gần khu vực sashimi.,7,683
Phạm Văn Phúc,4870757686,2016-07-15 20:53:55.000,4,684,684,Bàn gần khu vực lẩu.,1,684
Lê Thị Phương,9415848955,2022-12-01 14:53:16.000,15,685,685,Bàn gần khu vực nướng.,8,685
Hoàng Thị Quỳnh,9587193949,2018-03-15 20:33:50.000,1,686,686,Bàn gần khu vực lẩu.,2,686
Lê Thị Ngọc,2102439684,2021-01-24 18:11:50.000,1,687,687,Bàn gần khu vực tempura.,8,687
Vũ Văn Long,7209851011,2023-09-16 21:49:53.000,1,688,688,Bàn gần khu vực sashimi.,6,688
Phan Thị Kim,3150681631,2010-11-06 21:20:00.000,2,689,689,Bàn gần khu vực tempura.,7,689
Bùi Văn Hùng,2247280004,2016-07-24 17:31:11.000,1,690,690,Bàn gần khu vực lẩu.,6,690
Vũ Thị Thanh,3719818414,2023-02-06 21:37:04.000,9,691,691,Bàn gần khu vực sushi.,5,691
Đỗ Văn Việt,7757292411,2017-02-15 20:37:29.000,7,692,692,Bàn gần khu vực nướng.,2,692
Bùi Văn Minh,8176384018,2010-12-18 16:11:07.000,1,693,693,Bàn gần khu vực tempura.,10,693
Đặng Văn Dũng,2210332375,2022-09-22 14:44:36.000,12,694,694,Bàn ngoài trời.,10,694
Đỗ Thị Lan,2515954041,2012-05-16 16:37:32.000,1,695,695,Bàn gần khu vực nướng.,1,695
Trần Thị Cẩm,2772704858,2021-04-27 09:30:45.000,6,696,696,Bàn riêng tư.,3,696
Đỗ Văn Khánh,4121946541,2018-05-27 20:59:15.000,6,697,697,Bàn gần khu vực nướng.,9,697
Trần Thị Hương,3643985640,2019-09-26 14:08:33.000,4,698,698,Bàn gần khu vực sashimi.,2,698
Lê Minh Hoàng,9357985001,2015-01-26 12:39:21.000,1,699,699,Bàn gần khu vực nướng.,1,699
Hoàng Thị Quỳnh,9467653743,2017-03-02 14:05:03.000,13,700,700,Bàn gần khu vực nướng.,2,700
Đặng Văn Toàn,3602608354,2017-03-11 14:09:42.000,1,701,701,Bàn gần khu vực lẩu.,4,701
Phan Thị Hạnh,9515862533,2024-03-30 11:37:20.000,12,702,702,Bàn gần khu vực tempura.,1,702
Đỗ Thị Lan,9145891552,2022-06-04 17:41:47.000,3,703,703,Bàn gần khu vực sushi.,9,703
Phan Văn Bình,7112123867,2014-01-06 21:35:09.000,1,704,704,Bàn trong phòng VIP.,8,704
Hoàng Văn Đức,6766951053,2021-04-15 16:03:07.000,8,705,705,Bàn gần khu vực nướng.,3,705
Vũ Thị Thu,5793272368,2018-05-13 18:27:53.000,1,706,706,Bàn gần khu vực lẩu.,2,706
Phạm Văn Phúc,5150808993,2018-07-05 10:08:28.000,1,707,707,Bàn gần khu vực lẩu.,2,707
Phạm Văn Vinh,3133316965,2021-03-21 09:21:25.000,11,708,708,Bàn gần khu vực sushi.,7,708
Hoàng Văn Hùng,8637029011,2013-09-11 20:12:11.000,1,709,709,Bàn gần khu vực sashimi.,5,709
Phan Văn Sơn,2150635682,2010-05-31 09:12:06.000,1,710,710,Bàn gần khu vực lẩu.,1,710
Đỗ Văn Tiến,3579282859,2024-06-18 14:55:34.000,10,711,711,Bàn gần quầy bar.,2,711
Lê Minh Châu,8189769286,2021-09-30 12:04:00.000,5,712,712,Bàn gần khu vực tempura.,5,712
Nguyễn Văn An,1424715327,2017-10-03 12:58:09.000,10,713,713,Bàn gần khu vực tempura.,2,713
Trần Thị Bích,2887849074,2016-11-27 13:19:40.000,1,714,714,Bàn gần khu vực sushi.,6,714
Phạm Thị Lan,8944303407,2017-07-27 09:29:42.000,1,715,715,Bàn gần khu vực nướng.,10,715
Bùi Thị Thu,4449189595,2015-06-23 15:53:50.000,1,716,716,Bàn gần khu vực lẩu.,3,716
Nguyễn Thị Mai,7482719856,2016-11-15 09:36:43.000,10,717,717,Bàn gần khu vực nướng.,10,717
Nguyễn Thị Mai,6534596507,2017-11-22 20:48:05.000,14,718,718,Bàn gần khu vực sushi.,4,718
Phạm Thị Hồng,5198926819,2014-06-18 09:52:02.000,1,719,719,Bàn gần khu vực sushi.,2,719
Bùi Thị Thu,5035168642,2019-09-15 17:34:30.000,8,720,720,Bàn gần khu vực sushi.,1,720
Hoàng Văn Lâm,1286712076,2015-07-26 10:36:58.000,1,721,721,Bàn gần khu vực lẩu.,1,721
Phạm Thị Dung,3923225399,2023-03-07 15:51:34.000,1,722,722,Bàn gần khu vực tempura.,7,722
Lê Thị Vân,9679759040,2023-09-27 13:46:35.000,1,723,723,Bàn gần khu vực lẩu.,6,723
Đặng Thị Hoa,4639584383,2021-12-18 14:50:21.000,2,724,724,Bàn gần khu vực lẩu.,7,724
Hoàng Văn Hùng,5001075554,2024-06-06 21:56:38.000,12,725,725,Bàn gần khu vực sushi.,7,725
Hoàng Thị Thanh,7497793272,2021-01-23 20:48:13.000,9,726,726,Bàn gần khu vực tempura.,6,726
Nguyễn Thị Trang,9180967754,2011-03-03 12:56:41.000,1,727,727,Bàn gần khu vực sashimi.,4,727
Trần Văn Phúc,4272759442,2024-07-08 18:08:35.000,1,728,728,Bàn gần khu vực lẩu.,8,728
Đặng Văn Dũng,5835914611,2010-05-13 18:16:57.000,1,729,729,Bàn riêng tư.,3,729
Đỗ Văn Việt,5206761064,2024-10-15 18:10:26.000,3,730,730,Bàn gần khu vực sashimi.,10,730
Lê Thị Vân,2787539675,2013-01-28 14:17:46.000,1,731,731,Bàn riêng tư.,3,731
Phạm Thị Lan,3666512700,2023-01-11 16:57:41.000,6,732,732,Bàn gần khu vực sushi.,4,732
Phạm Văn Quang,2583563343,2011-04-24 11:45:23.000,12,733,733,Bàn gần khu vực sashimi.,6,733
Trần Thị Bích,5178258298,2024-08-13 17:13:44.000,1,734,734,Bàn gần khu vực sashimi.,4,734
Nguyễn Thị Trang,8618867562,2013-10-08 19:36:17.000,6,735,735,Bàn gần khu vực sashimi.,8,735
Trần Văn Tuấn,5364458404,2019-11-22 11:23:21.000,11,736,736,Bàn gần khu vực lẩu.,2,736
Đặng Văn Toàn,4111162292,2024-06-01 15:33:12.000,1,737,737,Bàn gần khu vực tempura.,5,737
Trần Thị Hương,3821723536,2024-01-09 11:55:09.000,1,738,738,Bàn gần khu vực sashimi.,8,738
Vũ Thị Thảo,1385047373,2024-07-15 16:39:20.000,1,739,739,Bàn gần khu vực lẩu.,9,739
Đỗ Thị Minh,5973668793,2015-12-17 13:09:01.000,2,740,740,Bàn riêng tư.,1,740
Trần Thị Cẩm,8126148157,2018-08-18 11:55:22.000,7,741,741,Bàn gần quầy bar.,9,741
Hoàng Thị Quỳnh,9818945846,2021-12-08 15:09:49.000,1,742,742,Bàn gần khu vực nướng.,5,742
Phạm Thị Dung,3937259655,2018-12-17 10:54:31.000,1,743,743,Bàn gần khu vực lẩu.,5,743
Hoàng Thị Quỳnh,7190578693,2014-01-16 14:28:23.000,15,744,744,Bàn gần khu vực lẩu.,5,744
Hoàng Văn Hùng,9224433659,2015-12-10 16:33:50.000,10,745,745,Bàn gần khu vực lẩu.,7,745
Nguyễn Văn An,4821472062,2019-03-10 16:02:26.000,6,746,746,Bàn gần khu vực lẩu.,9,746
Nguyễn Thị Ngân,8491870293,2018-10-17 09:54:39.000,6,747,747,Bàn gần khu vực sushi.,9,747
Phan Văn Thịnh,1679640806,2019-04-11 19:31:48.000,1,748,748,Bàn gần khu vực sashimi.,2,748
Nguyễn Thị Mai,6374641253,2024-08-11 17:50:41.000,14,749,749,Bàn gần khu vực tempura.,3,749
Đỗ Văn Tiến,7501834866,2014-08-23 09:21:00.000,4,750,750,Bàn gần khu vực sushi.,6,750
Vũ Thị Thanh,6796400734,2024-04-27 10:51:34.000,5,751,751,Bàn gần khu vực lẩu.,5,751
Lê Minh Châu,1843097830,2024-06-08 17:16:27.000,5,752,752,Bàn gần khu vực sushi.,3,752
Phạm Văn Phúc,7858615600,2023-10-13 20:59:56.000,11,753,753,Bàn gần khu vực sushi.,7,753
Đỗ Văn Tiến,1975298685,2011-08-09 18:41:40.000,1,754,754,Bàn gần khu vực tempura.,1,754
Bùi Thị Thu,8082611055,2015-04-10 15:06:47.000,15,755,755,Bàn gần khu vực sashimi.,8,755
Hoàng Thị Yến,9536651010,2023-10-16 13:53:36.000,1,756,756,Bàn gần khu vực sushi.,1,756
Bùi Văn Hùng,1609948735,2012-07-13 15:05:54.000,15,757,757,Bàn gần khu vực lẩu.,2,757
Bùi Văn Hùng,8182161360,2012-05-29 09:23:00.000,1,758,758,Bàn gần khu vực lẩu.,2,758
Phan Thị Kim,8041966735,2023-07-06 15:15:47.000,11,759,759,Bàn gần khu vực sushi.,3,759
Nguyễn Thị Ngân,7712088266,2010-05-10 17:22:44.000,1,760,760,Bàn gần khu vực sushi.,7,760
Đỗ Văn Việt,2875387632,2012-12-28 19:39:08.000,1,761,761,Bàn gần khu vực sashimi.,4,761
Trần Thị Bích,1093408612,2024-10-22 09:52:27.000,12,762,762,Bàn gần khu vực tempura.,1,762
Nguyễn Thị Mai,5355055934,2015-07-05 09:50:58.000,1,763,763,Bàn ngoài trời.,8,763
Lê Thị Ngọc,3603739487,2013-07-17 13:14:47.000,1,764,764,Bàn gần khu vực nướng.,3,764
Lê Thị Quỳnh,2715071085,2010-10-22 10:28:49.000,5,765,765,Bàn gần khu vực lẩu.,5,765
Trần Văn Phúc,2785402143,2024-05-23 19:23:16.000,1,766,766,Bàn gần khu vực sashimi.,10,766
Đỗ Văn Việt,6061109532,2023-02-05 12:23:30.000,12,767,767,Bàn gần khu vực sushi.,10,767
Trần Thị Bích,1416995677,2018-04-01 10:58:56.000,9,768,768,Bàn gần khu vực lẩu.,9,768
Hoàng Văn Lâm,6327229779,2014-09-02 16:29:16.000,12,769,769,Bàn gần khu vực nướng.,9,769
Phan Văn Bình,9387983800,2023-08-12 14:29:31.000,10,770,770,Bàn gần khu vực sashimi.,4,770
Đặng Văn Thắng,6243974120,2013-05-30 14:30:59.000,1,771,771,Bàn gần khu vực sashimi.,10,771
Vũ Văn Hiếu,8896590723,2014-04-15 18:00:23.000,2,772,772,Bàn gần khu vực nướng.,4,772
Đỗ Thị Lan,1487213242,2022-03-02 17:53:02.000,3,773,773,Bàn gần khu vực tempura.,1,773
Hoàng Thị Quỳnh,1419023744,2023-04-01 20:30:25.000,7,774,774,Bàn gần khu vực lẩu.,5,774
Trần Thị Hương,3245669699,2013-10-06 09:20:52.000,3,775,775,Bàn gần khu vực lẩu.,8,775
Đỗ Văn Khánh,3798403975,2017-09-20 20:31:38.000,1,776,776,Bàn gần khu vực sashimi.,5,776
Vũ Thị Thanh,6571159096,2014-10-22 13:34:14.000,9,777,777,Bàn gần khu vực tempura.,1,777
Bùi Văn Hùng,3603422913,2021-02-17 10:53:25.000,2,778,778,Bàn gần khu vực tempura.,5,778
Trần Văn Nam,6420405952,2022-06-12 12:32:08.000,1,779,779,Bàn gần khu vực lẩu.,7,779
Bùi Văn Minh,9910798467,2018-03-03 13:08:55.000,11,780,780,Bàn gần khu vực sashimi.,2,780
Lê Thị Vân,3389563793,2014-09-08 09:05:48.000,2,781,781,Bàn gần khu vực sushi.,2,781
Phan Văn Sơn,1783283072,2024-08-21 17:04:02.000,1,782,782,Bàn gần khu vực nướng.,5,782
Bùi Thị Tuyết,4644459694,2022-11-13 13:56:36.000,1,783,783,Bàn gần khu vực sashimi.,7,783
Đặng Thị Liên,3313423977,2023-02-24 12:27:13.000,1,784,784,Bàn gần khu vực sashimi.,7,784
Bùi Thị Hương,6044473000,2016-12-13 12:19:35.000,1,785,785,Bàn gần khu vực nướng.,2,785
Phan Thị Hạnh,4011062824,2023-11-28 10:01:56.000,1,786,786,Bàn gần khu vực sushi.,10,786
Nguyễn Thị Trang,1835661801,2020-08-30 14:24:29.000,2,787,787,Bàn gần khu vực tempura.,4,787
Bùi Văn Minh,3221035218,2023-07-31 19:19:20.000,9,788,788,Bàn gần khu vực nướng.,10,788
Bùi Thị Hương,7541908202,2024-10-17 12:45:10.000,7,789,789,Bàn gần khu vực sashimi.,1,789
Nguyễn Thị Ngọc,1280897250,2013-06-11 12:55:46.000,1,790,790,Bàn gần khu vực nướng.,10,790
Đặng Văn Toàn,2176238734,2024-04-17 13:56:48.000,1,791,791,Bàn gần khu vực sushi.,4,791
Đỗ Văn Tiến,6615408901,2013-06-28 18:19:19.000,1,792,792,Bàn gần khu vực sashimi.,1,792
Nguyễn Thị Trang,1531573065,2024-02-12 21:58:43.000,10,793,793,Bàn gần khu vực tempura.,8,793
Phạm Thị Dung,9838747222,2019-12-23 16:54:30.000,1,794,794,Bàn gần khu vực sushi.,1,794
Vũ Thị Thảo,3944857949,2016-11-20 10:13:09.000,9,795,795,Bàn gần khu vực nướng.,4,795
Nguyễn Văn An,9701632330,2024-07-19 17:44:16.000,8,796,796,Bàn gần khu vực nướng.,1,796
Vũ Thị Thanh,9739362390,2010-10-23 19:48:57.000,1,797,797,Bàn gần khu vực nướng.,3,797
Đặng Thị Mai,5883569735,2023-05-23 17:20:08.000,4,798,798,Bàn gần khu vực nướng.,5,798
Đỗ Thị Lan,3456764764,2024-06-04 20:37:28.000,14,799,799,Bàn gần khu vực sashimi.,8,799
Đặng Văn Toàn,1123817293,2024-03-03 17:28:57.000,4,800,800,Bàn gần khu vực nướng.,1,800
Vũ Văn Lâm,3121873617,2022-01-27 17:48:26.000,1,801,801,Bàn gần khu vực nướng.,9,801
Đỗ Văn Khánh,3240520136,2018-05-30 17:03:49.000,15,802,802,Bàn gần khu vực sashimi.,1,802
Bùi Thị Tuyết,5756769093,2020-07-11 10:09:23.000,1,803,803,Bàn gần khu vực sushi.,3,803
Hoàng Thị Quỳnh,5461272929,2020-07-11 15:29:57.000,9,804,804,Bàn gần khu vực sushi.,3,804
Bùi Văn Hùng,3393612367,2014-10-04 12:28:48.000,1,805,805,Bàn gần khu vực tempura.,4,805
Đặng Văn Thắng,3796810310,2020-09-10 17:04:15.000,1,806,806,Bàn trong phòng VIP.,4,806
Trần Văn Nam,2704015951,2023-08-12 13:59:33.000,10,807,807,Bàn gần khu vực sashimi.,9,807
Trần Văn Nam,2794804030,2015-10-09 14:42:41.000,1,808,808,Bàn gần khu vực nướng.,1,808
Vũ Thị Cúc,7554147909,2022-09-23 20:14:13.000,15,809,809,Bàn gần khu vực nướng.,2,809
Đỗ Văn Tiến,8076064985,2022-08-27 12:20:44.000,4,810,810,Bàn gần khu vực nướng.,4,810
Đỗ Thị Lan,7212241250,2024-10-01 16:11:45.000,7,811,811,Bàn gần khu vực sashimi.,6,811
Đỗ Văn Việt,7285911023,2019-08-17 21:03:19.000,1,812,812,Bàn gần khu vực sushi.,5,812
Lê Minh Hoàng,4116027480,2021-09-29 09:31:24.000,5,813,813,Bàn gần khu vực tempura.,3,813
Bùi Thị Hương,1777717603,2020-06-14 16:24:00.000,1,814,814,Bàn gần khu vực tempura.,5,814
Trần Văn Tuấn,5262465056,2023-12-26 21:59:33.000,1,815,815,Bàn gần khu vực nướng.,3,815
Đỗ Văn Việt,2633301812,2019-05-15 10:21:43.000,1,816,816,Bàn gần khu vực lẩu.,7,816
Vũ Thị Cúc,3857474095,2011-03-29 18:47:52.000,6,817,817,Bàn gần khu vực tempura.,8,817
Bùi Văn Hùng,5559572439,2023-03-03 13:17:27.000,1,818,818,Bàn gần khu vực nướng.,9,818
Phạm Văn Vinh,3095602978,2011-08-02 13:23:12.000,4,819,819,Bàn gần khu vực nướng.,1,819
Bùi Văn Minh,2308985323,2020-08-28 11:21:16.000,1,820,820,Bàn gần khu vực sushi.,7,820
Lê Thị Ngọc,2839013559,2010-10-26 19:07:30.000,1,821,821,Bàn gần khu vực sushi.,6,821
Lê Minh Hoàng,1501862525,2024-02-25 18:55:03.000,9,822,822,Bàn gần khu vực sashimi.,7,822
Nguyễn Thị Trang,8001494993,2019-07-06 17:45:11.000,6,823,823,Bàn gần khu vực nướng.,4,823
Nguyễn Thị Mai,9781443408,2020-04-06 18:45:57.000,1,824,824,Bàn gần khu vực trẻ em.,1,824
Hoàng Thị Quỳnh,7989446065,2017-04-06 17:36:08.000,2,825,825,Bàn gần khu vực sushi.,2,825
Nguyễn Văn Hải,1770943005,2013-12-16 20:08:00.000,1,826,826,Bàn gần khu vực lẩu.,2,826
Vũ Văn Long,8579832555,2018-04-28 17:09:17.000,6,827,827,Bàn gần khu vực nướng.,6,827
Đỗ Văn Việt,3678515277,2019-06-20 12:51:32.000,1,828,828,Bàn gần khu vực tempura.,9,828
Trần Văn Phong,4848184347,2012-03-06 15:17:46.000,1,829,829,Bàn gần khu vực tempura.,3,829
Lê Minh Châu,6539172878,2012-12-12 19:04:14.000,1,830,830,Bàn gần khu vực nướng.,4,830
Bùi Văn Long,9513357038,2012-03-05 21:36:33.000,11,831,831,Bàn gần khu vực lẩu.,9,831
Phan Văn Sơn,7365619177,2016-05-11 16:27:38.000,12,832,832,Bàn gần khu vực sushi.,5,832
Hoàng Thị Thanh,1566525473,2022-06-18 11:22:34.000,7,833,833,Bàn gần khu vực sushi.,2,833
Đỗ Thị Nga,3012701340,2019-06-10 14:58:35.000,1,834,834,Bàn gần khu vực lẩu.,6,834
Đỗ Văn Khánh,6734551512,2024-04-07 20:40:49.000,1,835,835,Bàn gần khu vực lẩu.,9,835
Lê Minh Đạt,4894286294,2017-03-05 10:22:13.000,1,836,836,Bàn gần khu vực tempura.,10,836
Phan Thị Lệ,4689498048,2020-08-14 19:23:26.000,1,837,837,Bàn gần khu vực nướng.,10,837
Bùi Thị Tuyết,9502562116,2013-07-27 14:44:28.000,1,838,838,Bàn gần khu vực lẩu.,10,838
Trần Thị Hương,1943629344,2012-07-13 16:54:26.000,3,839,839,Bàn gần khu vực tempura.,2,839
Bùi Thị Thu,9798742460,2021-08-03 13:01:21.000,4,840,840,Bàn gần khu vực nướng.,1,840
Nguyễn Thị Trang,3747208645,2017-03-02 11:59:48.000,1,841,841,Bàn gần khu vực tempura.,3,841
Phan Văn Thắng,3876485171,2015-02-20 19:54:42.000,4,842,842,Bàn gần khu vực sashimi.,9,842
Phạm Văn Quang,5519526326,2012-02-28 18:51:58.000,9,843,843,Bàn gần khu vực sashimi.,2,843
Nguyễn Thị Mai,9937869917,2014-03-23 16:30:15.000,10,844,844,Bàn gần khu vực lẩu.,5,844
Trần Văn Tuấn,1801816616,2024-05-25 09:26:02.000,6,845,845,Bàn gần khu vực sashimi.,4,845
Nguyễn Thị Ngọc,3889262001,2012-08-15 18:28:48.000,1,846,846,Bàn gần khu vực lẩu.,6,846
Đỗ Văn Việt,6580596632,2020-07-21 20:56:18.000,3,847,847,Bàn gần khu vực sushi.,4,847
Vũ Thị Cúc,6992137539,2024-07-21 10:50:40.000,14,848,848,Bàn gần khu vực sushi.,1,848
Bùi Thị Tuyết,8138951640,2018-01-31 17:09:43.000,4,849,849,Bàn gần khu vực sushi.,7,849
Phan Văn Thắng,8690736369,2015-11-15 16:26:18.000,8,850,850,Bàn gần khu vực lẩu.,2,850
Đặng Văn Thắng,3426309291,2014-04-07 20:43:16.000,1,851,851,Bàn gần khu vực lẩu.,10,851
Bùi Thị Thu,9431025987,2014-04-09 20:26:03.000,4,852,852,Bàn gần khu vực lẩu.,3,852
Đỗ Thị Lan,7103830284,2021-09-20 14:29:13.000,11,853,853,Bàn gần khu vực lẩu.,1,853
Hoàng Thị Yến,5862650059,2024-03-10 09:18:20.000,3,854,854,Bàn gần cửa sổ.,4,854
Phan Văn Bình,8458222207,2012-07-13 20:32:40.000,3,855,855,Bàn gần khu vực tempura.,6,855
Đặng Thị Hoa,6995918468,2013-07-23 16:59:17.000,1,856,856,Bàn gần khu vực sushi.,6,856
Vũ Thị Thu,8804603935,2013-01-02 19:37:38.000,1,857,857,Bàn gần khu vực tempura.,4,857
Trần Văn Nam,1744389260,2024-04-02 16:27:29.000,4,858,858,Bàn gần khu vực sushi.,9,858
Hoàng Văn Hùng,6668630518,2010-11-01 21:43:40.000,1,859,859,Bàn gần khu vực lẩu.,1,859
Phạm Văn Quang,8816382518,2014-12-17 20:53:08.000,1,860,860,Bàn gần khu vực nướng.,7,860
Vũ Thị Cúc,8157182548,2013-02-23 12:57:01.000,1,861,861,Bàn gần khu vực sushi.,4,861
Trần Văn Phúc,4074920978,2013-01-26 09:05:49.000,1,862,862,Bàn gần khu vực lẩu.,6,862
Bùi Văn Minh,8382898203,2024-03-27 18:19:57.000,1,863,863,Bàn gần khu vực tempura.,10,863
Lê Thị Ngọc,1510684507,2012-09-07 18:52:11.000,7,864,864,Bàn gần khu vực sushi.,10,864
Đặng Thị Hoa,1664361971,2020-03-22 19:07:50.000,8,865,865,Bàn gần khu vực sushi.,2,865
Phạm Thị Lan,9343577328,2010-06-24 11:50:26.000,1,866,866,Bàn gần khu vực sushi.,2,866
Hoàng Thị Thanh,4567736956,2019-01-29 18:12:21.000,1,867,867,Bàn ngoài trời.,2,867
Bùi Văn Long,7850275004,2014-04-22 19:43:27.000,1,868,868,Bàn gần khu vực nướng.,5,868
Đỗ Văn Tiến,5347557351,2019-05-19 21:27:10.000,1,869,869,Bàn gần khu vực sashimi.,8,869
Nguyễn Thị Ngọc,8398882087,2021-04-05 11:08:52.000,9,870,870,Bàn gần khu vực nướng.,9,870
Nguyễn Thị Ngọc,9804566131,2024-09-07 20:55:28.000,7,871,871,Bàn gần khu vực sashimi.,1,871
Đặng Văn Thắng,3980238833,2019-01-29 18:51:11.000,1,872,872,Bàn gần khu vực trẻ em.,5,872
Lê Thị Ngọc,7217715252,2012-05-02 10:44:08.000,1,873,873,Bàn gần khu vực tempura.,3,873
Bùi Văn Long,1174063310,2019-05-15 12:15:40.000,1,874,874,Bàn gần khu vực lẩu.,1,874
Nguyễn Thị Mai,3926825644,2011-10-10 20:13:47.000,5,875,875,Bàn gần cửa ra vào.,4,875
Trần Văn Phong,4541191625,2021-07-05 15:15:35.000,7,876,876,Bàn gần khu vực nướng.,5,876
Phạm Thị Dung,1816973367,2017-04-17 19:24:50.000,1,877,877,Bàn gần khu vực tempura.,4,877
Phan Thị Kim,4016208690,2019-09-26 21:40:21.000,10,878,878,Bàn gần khu vực sashimi.,7,878
Trần Thị Bích,3284995676,2020-09-20 09:05:29.000,3,879,879,Bàn gần khu vực lẩu.,8,879
Đỗ Văn Việt,8822033236,2018-05-03 10:54:06.000,5,880,880,Bàn gần khu vực sashimi.,10,880
Nguyễn Văn Hải,9319186690,2019-10-31 09:07:43.000,1,881,881,Bàn gần khu vực lẩu.,8,881
Phạm Văn Vinh,8813605541,2013-10-01 20:00:54.000,1,882,882,Bàn gần khu vực trẻ em.,5,882
Phan Văn Bình,5429088457,2018-05-09 16:31:53.000,3,883,883,Bàn gần khu vực tempura.,5,883
Đặng Thị Mai,5579127442,2011-08-13 17:09:47.000,1,884,884,Bàn gần khu vực tempura.,6,884
Bùi Văn Hùng,6318362321,2016-10-13 14:13:55.000,13,885,885,Bàn gần khu vực tempura.,3,885
Trần Văn Tuấn,9379893269,2018-02-07 18:13:44.000,13,886,886,Bàn gần khu vực sashimi.,3,886
Phan Văn Sơn,3765603254,2023-03-05 09:07:22.000,4,887,887,Bàn gần khu vực lẩu.,4,887
Lê Minh Châu,9910138041,2024-06-11 11:36:04.000,4,888,888,Bàn gần khu vực nướng.,8,888
Đặng Thị Hoa,1950891794,2020-03-14 20:08:51.000,1,889,889,Bàn gần khu vực nướng.,9,889
Bùi Văn Hùng,1060191235,2023-10-04 10:23:15.000,4,890,890,Bàn gần khu vực tempura.,2,890
Trần Văn Tuấn,2910963774,2015-02-18 19:11:20.000,1,891,891,Bàn gần khu vực lẩu.,8,891
Hoàng Thị Thanh,9057802666,2019-05-08 09:02:03.000,1,892,892,Bàn gần khu vực lẩu.,4,892
Đặng Thị Hoa,7919963974,2020-10-22 21:47:49.000,1,893,893,Bàn gần khu vực sashimi.,9,893
Nguyễn Văn Bình,2464876332,2022-04-15 11:39:23.000,1,894,894,Bàn gần khu vực lẩu.,5,894
Phạm Thị Lan,6764874167,2015-05-15 18:24:00.000,2,895,895,Bàn gần khu vực lẩu.,9,895
Phan Thị Hạnh,8456878165,2020-02-10 21:23:19.000,8,896,896,Bàn gần khu vực sushi.,1,896
Lê Minh Hoàng,4710179305,2012-10-10 13:05:18.000,1,897,897,Bàn gần quầy bar.,1,897
Lê Thị Ngọc,9264085144,2023-01-04 17:49:53.000,5,898,898,Bàn gần khu vực sashimi.,1,898
Phan Văn Thắng,7812601402,2019-09-02 21:50:31.000,1,899,899,Bàn gần khu vực tempura.,8,899
Hoàng Văn Đức,7818255104,2012-02-27 20:02:08.000,6,900,900,Bàn gần khu vực lẩu.,10,900
Đỗ Văn Việt,9819317044,2011-09-07 16:58:47.000,1,901,901,Bàn gần khu vực sushi.,9,901
Bùi Thị Tuyết,8322913841,2019-01-26 11:27:07.000,1,902,902,Bàn gần khu vực sushi.,1,902
Đặng Thị Hoa,9647797584,2018-05-11 20:49:34.000,8,903,903,Bàn gần khu vực sushi.,7,903
Đỗ Văn Khánh,8999040045,2015-03-22 19:37:24.000,14,904,904,Bàn gần khu vực nướng.,9,904
Trần Văn Nam,3945617540,2024-07-01 10:18:23.000,15,905,905,Bàn gần khu vực lẩu.,7,905
Đỗ Văn Việt,4737992407,2012-07-27 13:02:26.000,1,906,906,Bàn gần khu vực nướng.,2,906
Phạm Văn Phúc,3119921509,2020-05-27 19:21:00.000,11,907,907,Bàn gần khu vực sushi.,10,907
Trần Văn Tuấn,2219987577,2020-04-11 15:15:37.000,2,908,908,Bàn gần cửa sổ.,5,908
Trần Thị Bích,6021290014,2020-01-17 20:43:56.000,1,909,909,Bàn gần khu vực sushi.,2,909
Vũ Thị Cúc,8948018577,2016-07-02 16:04:40.000,1,910,910,Bàn gần khu vực sushi.,10,910
Phạm Văn Vinh,4197634765,2023-02-07 13:19:31.000,4,911,911,Bàn gần khu vực tempura.,3,911
Phan Văn Sơn,8451616842,2016-10-27 11:52:17.000,4,912,912,Bàn gần khu vực tempura.,10,912
Bùi Thị Tuyết,2867527120,2021-02-27 11:57:07.000,13,913,913,Bàn gần khu vực sushi.,5,913
Lê Minh Hoàng,4281719147,2019-07-08 11:17:54.000,2,914,914,Bàn gần khu vực sushi.,5,914
Bùi Thị Hương,5032596299,2019-04-06 19:55:38.000,11,915,915,Bàn gần khu vực lẩu.,5,915
Đỗ Thị Lan,3336976494,2013-04-12 09:24:15.000,1,916,916,Bàn ngoài trời.,5,916
Trần Văn Tuấn,3479841560,2010-11-02 12:17:37.000,13,917,917,Bàn gần khu vực tempura.,3,917
Đỗ Văn Tiến,2759891468,2018-03-19 10:38:07.000,1,918,918,Bàn gần khu vực tempura.,9,918
Bùi Văn Long,2474697019,2014-09-09 19:47:17.000,1,919,919,Bàn gần khu vực sushi.,6,919
Nguyễn Văn Bình,4863217671,2017-12-20 18:48:35.000,1,920,920,Bàn gần khu vực lẩu.,9,920
Vũ Thị Cúc,7296182466,2024-03-19 09:11:46.000,1,921,921,Bàn gần khu vực lẩu.,2,921
Trần Thị Bích,4014576012,2016-06-28 12:42:55.000,1,922,922,Bàn ngoài trời.,2,922
Trần Văn Nam,1138017220,2016-09-13 15:43:52.000,1,923,923,Bàn gần khu vực lẩu.,1,923
Đặng Thị Liên,5457129522,2023-07-26 20:29:56.000,1,924,924,Bàn gần khu vực sashimi.,3,924
Đặng Thị Mai,3012144838,2012-05-27 11:58:11.000,1,925,925,Bàn gần khu vực nướng.,7,925
Hoàng Thị Yến,6234368091,2013-11-04 19:15:13.000,3,926,926,Bàn gần khu vực nướng.,2,926
Đặng Văn Dũng,2608218148,2019-10-06 13:01:46.000,3,927,927,Bàn gần khu vực nướng.,6,927
Phan Văn Bình,4395785690,2013-11-27 15:19:32.000,1,928,928,Bàn gần khu vực trẻ em.,3,928
Phan Thị Hạnh,5845316803,2021-10-07 19:01:49.000,2,929,929,Bàn gần khu vực nướng.,1,929
Đỗ Văn Tiến,1916117895,2023-03-03 19:43:56.000,1,930,930,Bàn gần khu vực nướng.,6,930
Hoàng Văn Đức,9065403699,2015-08-01 14:34:15.000,1,931,931,Bàn gần khu vực sashimi.,1,931
Trần Văn Tuấn,1492201609,2017-10-15 14:31:03.000,6,932,932,Bàn gần khu vực sashimi.,9,932
Vũ Thị Thảo,1210566237,2024-05-30 09:29:17.000,1,933,933,Bàn gần khu vực sashimi.,6,933
Nguyễn Văn An,8816483986,2021-07-12 16:38:10.000,13,934,934,Bàn gần khu vực sashimi.,9,934
Đặng Thị Mai,8177393448,2013-08-03 11:15:08.000,9,935,935,Bàn riêng tư.,3,935
Đỗ Thị Lan,7235505547,2018-06-18 15:36:38.000,1,936,936,Bàn gần khu vực nướng.,8,936
Đặng Văn Toàn,9546400750,2023-12-07 18:20:11.000,2,937,937,Bàn gần khu vực tempura.,3,937
Trần Văn Tuấn,5061557671,2024-06-16 18:45:24.000,1,938,938,Bàn gần khu vực nướng.,7,938
Vũ Văn Lâm,3498955822,2020-05-31 16:38:14.000,1,939,939,Bàn gần cửa ra vào.,5,939
Nguyễn Thị Trang,3168985917,2014-05-30 11:39:01.000,1,940,940,Bàn gần khu vực sashimi.,6,940
Đặng Văn Thắng,8394970804,2017-03-07 16:12:37.000,1,941,941,Bàn gần khu vực lẩu.,5,941
Bùi Thị Thu,3019314906,2024-04-15 16:24:03.000,2,942,942,Bàn gần khu vực sashimi.,7,942
Trần Thị Bích,6788661253,2024-04-30 10:23:17.000,6,943,943,Bàn gần khu vực nướng.,8,943
Trần Văn Tuấn,7454695589,2013-03-25 10:51:24.000,12,944,944,Bàn gần khu vực nướng.,2,944
Phạm Văn Vinh,2010296397,2013-12-26 15:29:28.000,12,945,945,Bàn gần khu vực tempura.,2,945
Phạm Văn Sơn,3205818148,2017-04-28 17:24:02.000,1,946,946,Bàn gần khu vực sushi.,10,946
Phạm Văn Phúc,4820112865,2016-02-11 10:26:55.000,2,947,947,Bàn gần khu vực lẩu.,2,947
Nguyễn Văn Bình,1288581452,2014-06-12 16:34:47.000,2,948,948,Bàn gần khu vực lẩu.,7,948
Phan Văn Sơn,1329479021,2011-05-20 19:01:33.000,1,949,949,Bàn gần khu vực sushi.,4,949
Nguyễn Thị Ngọc,6045488982,2012-07-30 15:12:19.000,8,950,950,Bàn gần khu vực tempura.,4,950
Bùi Văn Hùng,4247827957,2018-02-01 14:21:40.000,2,951,951,Bàn gần khu vực sushi.,7,951
Nguyễn Thị Trang,7409560411,2014-09-01 20:14:43.000,1,952,952,Bàn gần khu vực sushi.,3,952
Nguyễn Văn Bình,2139932638,2015-05-26 15:32:23.000,10,953,953,Bàn gần khu vực sushi.,7,953
Phạm Thị Dung,6867479875,2024-05-21 19:42:45.000,5,954,954,Bàn gần khu vực nướng.,1,954
Đặng Thị Mai,9223831001,2023-03-11 16:46:44.000,9,955,955,Bàn gần khu vực tempura.,7,955
Vũ Thị Thanh,1046411803,2013-09-27 18:27:53.000,1,956,956,Bàn riêng tư.,9,956
Phan Văn Bình,6909306918,2021-12-17 17:11:57.000,1,957,957,Bàn gần khu vực sashimi.,6,957
Vũ Thị Cúc,9400320364,2011-08-06 18:36:24.000,8,958,958,Bàn gần khu vực sushi.,6,958
Bùi Thị Hương,5889601377,2013-12-17 16:58:32.000,1,959,959,Bàn gần khu vực sashimi.,8,959
Đỗ Thị Lan,6616699575,2016-07-21 20:41:15.000,1,960,960,Bàn gần khu vực lẩu.,8,960
Lê Minh Châu,7109936197,2013-09-09 10:27:00.000,1,961,961,Bàn gần khu vực sashimi.,5,961
Nguyễn Thị Ngọc,6597894443,2012-08-30 11:49:43.000,5,962,962,Bàn gần khu vực lẩu.,4,962
Vũ Thị Cúc,2245039877,2014-06-07 18:31:35.000,1,963,963,Bàn gần khu vực sushi.,7,963
Đỗ Văn Khánh,7265233182,2023-02-09 14:53:37.000,1,964,964,Bàn gần khu vực nướng.,7,964
Phạm Thị Dung,3967486833,2013-11-07 14:31:42.000,3,965,965,Bàn gần khu vực sashimi.,7,965
Đỗ Văn Việt,2956793086,2016-06-26 15:04:34.000,1,966,966,Bàn gần khu vực lẩu.,1,966
Nguyễn Thị Trang,7454064183,2022-05-28 18:28:13.000,1,967,967,Bàn gần khu vực lẩu.,2,967
Đặng Văn Toàn,6546691392,2024-07-23 21:38:57.000,6,968,968,Bàn gần khu vực tempura.,10,968
Đặng Văn Dũng,2407628387,2011-05-12 10:23:21.000,15,969,969,Bàn gần khu vực sashimi.,10,969
Bùi Văn Minh,9112297785,2023-11-23 17:53:12.000,1,970,970,Bàn gần khu vực nướng.,8,970
Đặng Văn Thắng,6696573838,2011-12-30 15:49:48.000,5,971,971,Bàn gần khu vực tempura.,4,971
Nguyễn Văn An,6305222065,2024-07-12 20:30:04.000,15,972,972,Bàn gần khu vực sushi.,8,972
Đỗ Văn Tiến,7843378903,2019-03-14 14:12:17.000,5,973,973,Bàn gần khu vực nướng.,10,973
Trần Thị Bích,2793976281,2021-10-24 13:59:41.000,6,974,974,Bàn gần khu vực lẩu.,4,974
Phạm Văn Phúc,4014000080,2024-05-13 09:12:58.000,15,975,975,Bàn gần khu vực sashimi.,6,975
Vũ Thị Thảo,5514479635,2018-05-10 16:25:51.000,4,976,976,Bàn gần khu vực lẩu.,3,976
Phạm Văn Phúc,2668827599,2024-01-21 15:24:05.000,1,977,977,Bàn gần khu vực sushi.,2,977
Bùi Văn Minh,7675244842,2022-11-18 11:22:45.000,1,978,978,Bàn gần khu vực nướng.,8,978
Đặng Văn Thắng,3951271902,2015-03-14 10:24:34.000,8,979,979,Bàn gần khu vực nướng.,10,979
Nguyễn Văn Hải,3058986407,2010-12-29 15:18:16.000,1,980,980,Bàn gần khu vực nướng.,2,980
Lê Thị Vân,2922289325,2019-11-04 17:08:21.000,6,981,981,Bàn gần khu vực tempura.,5,981
Vũ Văn Lâm,1109231594,2022-09-20 19:23:56.000,6,982,982,Bàn gần khu vực sushi.,5,982
Phan Thị Lệ,5185256573,2014-02-25 21:08:07.000,11,983,983,Bàn gần khu vực sushi.,10,983
Lê Thị Vân,2644313638,2023-11-22 17:44:18.000,1,984,984,Bàn gần khu vực trẻ em.,6,984
Vũ Thị Cúc,4416961204,2020-07-25 10:11:04.000,1,985,985,Bàn gần khu vực lẩu.,4,985
Bùi Văn Hùng,6636012324,2024-10-27 12:43:31.000,4,986,986,Bàn gần cửa ra vào.,8,986
Hoàng Thị Thanh,4437600141,2022-06-15 14:33:17.000,1,987,987,Bàn gần khu vực sushi.,5,987
Lê Thị Vân,4771896450,2014-04-24 20:10:07.000,4,988,988,Bàn gần khu vực sashimi.,8,988
Vũ Văn Hiếu,9301763366,2011-08-13 12:06:20.000,1,989,989,Bàn gần khu vực nướng.,2,989
Bùi Văn Hùng,5918915678,2016-01-22 16:21:30.000,1,990,990,Bàn gần khu vực nướng.,9,990
Lê Thị Ngọc,4167536222,2021-12-15 21:45:18.000,1,991,991,Bàn gần khu vực tempura.,4,991
Hoàng Thị Quỳnh,6905353620,2013-04-27 13:13:39.000,1,992,992,Bàn gần khu vực lẩu.,5,992
Đặng Văn Dũng,4405109878,2010-10-13 13:47:42.000,1,993,993,Bàn gần khu vực sashimi.,9,993
Phạm Văn Quang,8083195333,2023-07-03 16:55:03.000,13,994,994,Bàn gần khu vực sashimi.,9,994
Hoàng Văn Đức,5903483755,2021-02-06 09:54:11.000,1,995,995,Bàn gần khu vực sushi.,3,995
Bùi Văn Hùng,7468427268,2010-11-16 13:53:51.000,7,996,996,Bàn gần khu vực nướng.,4,996
Đặng Văn Thắng,9209696679,2024-10-16 19:41:54.000,1,997,997,Bàn gần khu vực lẩu.,8,997
Nguyễn Thị Mai,7532226398,2020-02-14 19:11:36.000,8,998,998,Bàn gần khu vực nướng.,1,998
Lê Minh Châu,1723237326,2024-05-28 19:05:18.000,14,999,999,Bàn gần khu vực tempura.,4,999
Lê Thị Vân,8380932804,2020-10-11 15:40:41.000,4,1000,1000,Bàn gần khu vực sushi.,10,1000
