MaNV,HoTen,NgaySinh,NgayVaoLam,NgayNghiViec,Username,MaBP,CN_HienTai
1001,Vũ Thị Cúc,1983-07-17,2021-09-06,NULL,employee1001,1,1
1002,Đỗ Thị Minh,1994-02-14,2021-10-03,NULL,employee1002,2,1
1003,Nguyễn Văn An,1989-08-04,2015-04-19,NULL,employee1003,2,1
1004,Trần Văn Nam,1984-09-18,2016-07-13,NULL,employee1004,2,1
1005,Nguyễn Văn An,2004-04-28,2016-02-20,NULL,employee1005,2,1
1006,Đặng Văn Thắng,1981-09-20,2014-02-21,NULL,employee1006,2,1
1007,Phan Thị Kim,1984-10-06,2017-04-19,NULL,employee1007,2,1
1008,Nguyễn Thị Trang,1988-10-09,2019-04-19,NULL,employee1008,2,1
1009,Lê Thị Ngọc,1992-12-25,2012-01-19,NULL,employee1009,2,1
1010,Nguyễn Thị Mai,1997-02-12,2020-06-23,NULL,employee1010,2,1
1011,Nguyễn Văn An,1986-12-24,2023-03-29,NULL,employee1011,2,1
1012,Lê Thị Quỳnh,1985-09-24,2016-06-21,NULL,employee1012,3,1
1013,Phan Văn Bình,1984-09-06,2021-08-02,NULL,employee1013,3,1
1014,Lê Thị Quỳnh,1989-05-25,2019-06-13,NULL,employee1014,4,1
1015,Bùi Văn Hùng,1980-07-17,2011-04-24,NULL,employee1015,4,1
1016,Phan Văn Sơn,1990-12-25,2019-05-06,NULL,employee1016,4,1
1017,Trần Văn Nam,1991-12-05,2010-08-13,NULL,employee1017,4,1
1018,Vũ Thị Thu,1997-12-24,2018-02-09,NULL,employee1018,4,1
1019,Phan Thị Hạnh,1989-08-10,2021-06-13,NULL,employee1019,4,1
1020,Đỗ Văn Việt,1980-04-04,2013-06-18,NULL,employee1020,4,1
1021,Lê Thị Ngọc,1987-03-05,2023-11-03,NULL,employee1021,4,1
1022,Lê Thị Ngọc,2002-10-23,2015-10-03,NULL,employee1022,5,1
1023,Đặng Văn Dũng,1993-12-28,2014-05-31,NULL,employee1023,5,1
1024,Nguyễn Thị Trang,1993-08-04,2014-02-28,NULL,employee1024,1,2
1025,Đặng Thị Mai,1997-05-27,2012-01-09,NULL,employee1025,2,2
1026,Bùi Văn Long,1999-03-13,2015-12-05,NULL,employee1026,2,2
1027,Phan Văn Bình,1981-01-10,2010-12-03,NULL,employee1027,2,2
1028,Hoàng Văn Đức,1985-08-11,2017-03-10,NULL,employee1028,2,2
1029,Phan Văn Thắng,1997-06-29,2024-08-10,NULL,employee1029,2,2
1030,Lê Thị Ngọc,1994-05-20,2023-10-18,NULL,employee1030,2,2
1031,Phan Văn Sơn,1997-12-23,2021-03-11,NULL,employee1031,2,2
1032,Phạm Thị Lan,1981-05-17,2016-06-13,NULL,employee1032,2,2
1033,Phạm Thị Dung,1987-07-02,2014-03-12,NULL,employee1033,2,2
1034,Đặng Văn Toàn,2000-05-28,2013-11-22,NULL,employee1034,2,2
1035,Phan Văn Thịnh,2000-07-20,2021-04-20,NULL,employee1035,3,2
1036,Hoàng Thị Yến,1996-12-25,2015-10-10,NULL,employee1036,3,2
1037,Nguyễn Thị Mai,2005-09-29,2014-08-18,NULL,employee1037,4,2
1038,Đỗ Văn Khánh,1980-11-27,2013-10-25,NULL,employee1038,4,2
1039,Lê Thị Ngọc,1987-03-11,2022-12-20,NULL,employee1039,4,2
1040,Bùi Thị Tuyết,1999-09-19,2020-08-08,NULL,employee1040,4,2
1041,Đặng Văn Dũng,1998-08-08,2011-02-14,NULL,employee1041,4,2
1042,Phan Văn Sơn,1991-08-19,2020-07-26,NULL,employee1042,4,2
1043,Phạm Văn Phúc,1980-01-26,2012-11-03,NULL,employee1043,4,2
1044,Đặng Văn Thắng,1981-02-23,2020-05-03,NULL,employee1044,4,2
1045,Trần Thị Bích,1980-04-04,2019-01-04,NULL,employee1045,5,2
1046,Bùi Thị Thu,1982-10-01,2022-01-21,NULL,employee1046,5,2
1047,Trần Thị Cẩm,2003-10-27,2019-10-01,NULL,employee1047,1,3
1048,Đặng Thị Hoa,1996-01-25,2016-02-11,NULL,employee1048,2,3
1049,Hoàng Văn Hùng,1995-06-28,2013-12-02,NULL,employee1049,2,3
1050,Hoàng Văn Lâm,1996-06-03,2024-01-25,NULL,employee1050,2,3
1051,Hoàng Thị Yến,1999-07-13,2015-12-29,NULL,employee1051,2,3
1052,Bùi Thị Thu,1997-11-21,2022-09-18,NULL,employee1052,2,3
1053,Vũ Thị Cúc,1998-02-10,2010-10-25,NULL,employee1053,2,3
1054,Phan Thị Kim,1994-07-14,2015-07-28,NULL,employee1054,2,3
1055,Đỗ Văn Tiến,1995-06-26,2010-01-10,NULL,employee1055,2,3
1056,Đặng Thị Hoa,1993-11-13,2020-08-10,NULL,employee1056,2,3
1057,Đỗ Thị Lan,1980-04-25,2012-07-31,NULL,employee1057,2,3
1058,Phan Thị Lệ,2005-02-14,2020-05-18,NULL,employee1058,3,3
1059,Phạm Thị Dung,1993-11-30,2020-10-19,NULL,employee1059,3,3
1060,Trần Văn Nam,2004-12-02,2019-08-19,NULL,employee1060,4,3
1061,Đặng Thị Hoa,2002-08-16,2024-01-14,NULL,employee1061,4,3
1062,Đỗ Văn Khánh,1990-11-23,2024-07-15,NULL,employee1062,4,3
1063,Nguyễn Thị Trang,1982-01-21,2021-09-20,NULL,employee1063,4,3
1064,Đỗ Văn Khánh,2003-02-03,2024-01-30,NULL,employee1064,4,3
1065,Bùi Thị Thu,1986-10-30,2017-01-25,NULL,employee1065,4,3
1066,Bùi Thị Hương,1991-02-10,2023-11-30,NULL,employee1066,4,3
1067,Hoàng Thị Yến,1988-12-03,2012-09-24,NULL,employee1067,4,3
1068,Vũ Văn Lâm,1994-12-29,2010-10-31,NULL,employee1068,5,3
1069,Phạm Thị Dung,2004-04-04,2014-04-13,NULL,employee1069,5,3
1070,Trần Thị Cẩm,1986-03-08,2012-09-06,NULL,employee1070,1,4
1071,Đặng Thị Hoa,1998-12-23,2014-11-20,NULL,employee1071,2,4
1072,Bùi Văn Hùng,1982-03-31,2018-09-15,NULL,employee1072,2,4
1073,Trần Văn Tuấn,2005-05-18,2022-02-09,NULL,employee1073,2,4
1074,Phạm Văn Phúc,1986-08-30,2023-05-22,NULL,employee1074,2,4
1075,Vũ Thị Thu,1982-06-15,2013-02-08,NULL,employee1075,2,4
1076,Vũ Văn Lâm,1981-06-08,2017-08-02,NULL,employee1076,2,4
1077,Lê Minh Châu,1990-10-23,2014-09-04,NULL,employee1077,2,4
1078,Nguyễn Thị Trang,1996-07-08,2018-12-03,NULL,employee1078,2,4
1079,Phạm Văn Phúc,1999-04-24,2019-08-31,NULL,employee1079,2,4
1080,Hoàng Văn Đức,1993-09-01,2022-06-08,NULL,employee1080,2,4
1081,Đặng Thị Liên,2003-02-12,2016-06-07,NULL,employee1081,3,4
1082,Vũ Thị Thanh,1990-02-04,2022-09-20,NULL,employee1082,3,4
1083,Đỗ Thị Minh,1984-05-28,2011-01-24,NULL,employee1083,4,4
1084,Trần Thị Cẩm,2000-04-27,2013-07-02,NULL,employee1084,4,4
1085,Phan Thị Lệ,1993-05-11,2022-01-31,NULL,employee1085,4,4
1086,Lê Thị Ngọc,1999-01-22,2015-04-22,NULL,employee1086,4,4
1087,Phạm Văn Quang,1999-05-29,2014-10-31,NULL,employee1087,4,4
1088,Lê Minh Châu,1988-01-07,2024-09-07,NULL,employee1088,4,4
1089,Phan Văn Sơn,1987-07-07,2011-01-25,NULL,employee1089,4,4
1090,Hoàng Thị Yến,1982-08-11,2016-11-07,NULL,employee1090,4,4
1091,Nguyễn Thị Trang,1991-06-02,2018-01-23,NULL,employee1091,5,4
1092,Nguyễn Thị Trang,2001-02-06,2018-12-19,NULL,employee1092,5,4
1093,Vũ Thị Thanh,1982-03-20,2020-12-19,NULL,employee1093,1,5
1094,Nguyễn Thị Ngọc,2003-09-10,2017-05-09,NULL,employee1094,2,5
1095,Vũ Thị Cúc,1999-09-08,2021-04-21,NULL,employee1095,2,5
1096,Bùi Thị Thu,2001-01-28,2016-04-20,NULL,employee1096,2,5
1097,Bùi Thị Thu,2004-08-04,2014-07-16,NULL,employee1097,2,5
1098,Trần Văn Nam,1983-01-10,2020-08-28,NULL,employee1098,2,5
1099,Phạm Văn Vinh,1997-06-17,2016-02-17,NULL,employee1099,2,5
1100,Đặng Thị Liên,1991-01-07,2019-02-08,NULL,employee1100,2,5
1101,Trần Thị Cẩm,1991-07-15,2020-12-25,NULL,employee1101,2,5
1102,Đỗ Văn Tiến,2002-10-25,2021-12-16,NULL,employee1102,2,5
1103,Vũ Thị Thu,1996-10-11,2019-02-17,NULL,employee1103,2,5
1104,Vũ Văn Hiếu,1984-01-31,2013-08-10,NULL,employee1104,3,5
1105,Nguyễn Văn An,2000-05-29,2010-08-12,NULL,employee1105,3,5
1106,Đặng Thị Hoa,1988-07-15,2021-07-30,NULL,employee1106,4,5
1107,Lê Minh Hoàng,1985-04-12,2021-08-20,NULL,employee1107,4,5
1108,Đặng Văn Thắng,1996-08-31,2022-12-28,NULL,employee1108,4,5
1109,Nguyễn Văn An,2004-09-29,2016-03-23,NULL,employee1109,4,5
1110,Lê Minh Châu,1997-12-05,2015-01-14,NULL,employee1110,4,5
1111,Đỗ Văn Khánh,1983-02-06,2016-09-19,NULL,employee1111,4,5
1112,Lê Minh Hoàng,2001-12-20,2010-02-22,NULL,employee1112,4,5
1113,Đặng Văn Dũng,1997-06-23,2022-10-31,NULL,employee1113,4,5
1114,Phạm Văn Phúc,1982-01-16,2019-09-25,NULL,employee1114,5,5
1115,Lê Thị Vân,2005-07-12,2013-07-24,NULL,employee1115,5,5
1116,Đặng Văn Thắng,1995-04-20,2016-02-07,NULL,employee1116,1,6
1117,Đặng Văn Dũng,1991-07-23,2024-10-22,NULL,employee1117,2,6
1118,Đặng Văn Dũng,1987-10-13,2015-05-23,NULL,employee1118,2,6
1119,Đỗ Văn Việt,1993-12-13,2010-12-28,NULL,employee1119,2,6
1120,Phạm Văn Vinh,2003-10-29,2014-03-09,NULL,employee1120,2,6
1121,Phạm Văn Vinh,2000-04-13,2023-07-12,NULL,employee1121,2,6
1122,Phạm Thị Lan,2004-02-22,2024-08-15,NULL,employee1122,2,6
1123,Nguyễn Thị Trang,1990-04-14,2012-07-07,NULL,employee1123,2,6
1124,Nguyễn Thị Trang,2002-10-14,2023-10-22,NULL,employee1124,2,6
1125,Đỗ Văn Việt,1999-07-27,2014-09-28,NULL,employee1125,2,6
1126,Đặng Thị Hoa,1983-03-28,2017-04-28,NULL,employee1126,2,6
1127,Phạm Thị Dung,1992-10-12,2016-06-30,NULL,employee1127,3,6
1128,Vũ Văn Lâm,1987-09-25,2014-09-30,NULL,employee1128,3,6
1129,Trần Văn Tuấn,1994-04-02,2011-06-02,NULL,employee1129,4,6
1130,Lê Thị Phương,1981-01-24,2016-08-04,NULL,employee1130,4,6
1131,Lê Minh Hoàng,1985-01-02,2021-10-14,NULL,employee1131,4,6
1132,Vũ Văn Lâm,1998-06-07,2024-07-25,NULL,employee1132,4,6
1133,Đỗ Văn Việt,1997-07-02,2012-05-11,NULL,employee1133,4,6
1134,Phạm Thị Dung,1998-09-26,2010-10-18,NULL,employee1134,4,6
1135,Bùi Thị Tuyết,1991-10-20,2018-04-03,NULL,employee1135,4,6
1136,Vũ Thị Thu,1996-10-03,2019-05-07,NULL,employee1136,4,6
1137,Đỗ Văn Khánh,1983-01-31,2024-04-13,NULL,employee1137,5,6
1138,Bùi Thị Tuyết,1987-08-14,2024-08-01,NULL,employee1138,5,6
1139,Trần Văn Nam,2002-12-15,2010-06-10,NULL,employee1139,1,7
1140,Lê Thị Vân,1994-12-28,2024-02-25,NULL,employee1140,2,7
1141,Hoàng Văn Đức,1987-08-24,2020-05-24,NULL,employee1141,2,7
1142,Bùi Thị Tuyết,2003-05-15,2010-04-18,NULL,employee1142,2,7
1143,Vũ Văn Lâm,2002-09-11,2018-10-07,NULL,employee1143,2,7
1144,Nguyễn Thị Ngân,2003-04-10,2019-02-21,NULL,employee1144,2,7
1145,Vũ Thị Thanh,1983-11-19,2020-05-02,NULL,employee1145,2,7
1146,Hoàng Thị Yến,1988-07-05,2019-07-29,NULL,employee1146,2,7
1147,Phạm Thị Dung,2001-11-12,2021-02-08,NULL,employee1147,2,7
1148,Trần Văn Nam,1985-03-10,2022-09-09,NULL,employee1148,2,7
1149,Lê Minh Đạt,1989-08-09,2014-06-30,NULL,employee1149,2,7
1150,Đỗ Thị Lan,1997-08-14,2010-06-18,NULL,employee1150,3,7
1151,Phan Văn Thắng,2001-12-08,2016-03-26,NULL,employee1151,3,7
1152,Vũ Thị Cúc,1995-06-25,2010-06-09,NULL,employee1152,4,7
1153,Lê Minh Đạt,1980-09-03,2016-12-22,NULL,employee1153,4,7
1154,Vũ Thị Thảo,1993-12-30,2022-06-02,NULL,employee1154,4,7
1155,Lê Minh Châu,2003-07-05,2016-01-05,NULL,employee1155,4,7
1156,Lê Thị Vân,1988-04-10,2018-03-02,NULL,employee1156,4,7
1157,Hoàng Thị Thanh,1982-12-06,2010-05-26,NULL,employee1157,4,7
1158,Phạm Văn Phúc,1982-04-25,2016-12-16,NULL,employee1158,4,7
1159,Vũ Thị Cúc,2004-10-07,2023-02-01,NULL,employee1159,4,7
1160,Hoàng Thị Yến,1995-10-06,2023-02-26,NULL,employee1160,5,7
1161,Nguyễn Văn Bình,1986-10-23,2013-09-11,NULL,employee1161,5,7
1162,Vũ Văn Lâm,2004-11-18,2010-02-27,NULL,employee1162,1,8
1163,Trần Thị Bích,1991-10-25,2018-10-30,NULL,employee1163,2,8
1164,Lê Minh Châu,1986-04-27,2012-08-08,NULL,employee1164,2,8
1165,Đặng Thị Liên,2000-02-18,2016-01-09,NULL,employee1165,2,8
1166,Hoàng Thị Quỳnh,1984-01-24,2017-12-15,NULL,employee1166,2,8
1167,Bùi Thị Tuyết,2004-06-10,2014-04-05,NULL,employee1167,2,8
1168,Nguyễn Văn Hải,1996-07-09,2024-03-30,NULL,employee1168,2,8
1169,Bùi Thị Hương,2005-09-13,2020-01-24,NULL,employee1169,2,8
1170,Đặng Thị Mai,1985-08-01,2016-06-03,NULL,employee1170,2,8
1171,Phan Văn Thắng,1991-12-07,2011-10-07,NULL,employee1171,2,8
1172,Nguyễn Văn An,1980-03-15,2012-10-05,NULL,employee1172,2,8
1173,Nguyễn Văn An,1982-06-27,2011-12-13,NULL,employee1173,3,8
1174,Phan Văn Sơn,1997-07-27,2016-06-04,NULL,employee1174,3,8
1175,Phạm Văn Phúc,1992-04-08,2023-12-27,NULL,employee1175,4,8
1176,Bùi Văn Hùng,1996-05-22,2015-10-27,NULL,employee1176,4,8
1177,Nguyễn Văn An,1981-10-29,2022-02-17,NULL,employee1177,4,8
1178,Trần Thị Bích,1988-07-19,2018-11-01,NULL,employee1178,4,8
1179,Nguyễn Văn An,1981-09-14,2017-11-07,NULL,employee1179,4,8
1180,Phan Văn Sơn,1983-01-20,2016-04-05,NULL,employee1180,4,8
1181,Đặng Văn Toàn,1982-01-13,2017-04-12,NULL,employee1181,4,8
1182,Đặng Thị Hoa,1987-08-11,2022-09-05,NULL,employee1182,4,8
1183,Đặng Thị Mai,1982-08-07,2011-05-14,NULL,employee1183,5,8
1184,Lê Thị Vân,1999-10-26,2016-09-11,NULL,employee1184,5,8
1185,Lê Thị Ngọc,1994-08-14,2011-10-20,NULL,employee1185,1,9
1186,Bùi Thị Tuyết,1991-10-14,2019-06-06,NULL,employee1186,2,9
1187,Đặng Văn Toàn,2002-09-27,2022-08-22,NULL,employee1187,2,9
1188,Phan Văn Bình,1997-01-15,2019-03-29,NULL,employee1188,2,9
1189,Trần Thị Hương,1995-05-08,2014-04-16,NULL,employee1189,2,9
1190,Lê Thị Vân,2000-05-19,2018-03-16,NULL,employee1190,2,9
1191,Phan Thị Hạnh,1987-11-07,2010-10-17,NULL,employee1191,2,9
1192,Lê Thị Quỳnh,1998-12-08,2014-04-05,NULL,employee1192,2,9
1193,Phan Thị Kim,1995-12-02,2012-11-16,NULL,employee1193,2,9
1194,Phạm Thị Dung,1988-01-25,2023-11-11,NULL,employee1194,2,9
1195,Phạm Văn Vinh,1997-01-15,2016-04-06,NULL,employee1195,2,9
1196,Phạm Văn Phúc,2004-11-19,2018-05-16,NULL,employee1196,3,9
1197,Đỗ Văn Tiến,1997-08-20,2021-10-30,NULL,employee1197,3,9
1198,Nguyễn Văn An,1996-10-28,2022-12-31,NULL,employee1198,4,9
1199,Lê Minh Châu,1986-12-11,2011-10-12,NULL,employee1199,4,9
1200,Hoàng Thị Yến,1985-11-24,2018-09-20,NULL,employee1200,4,9
1201,Phan Văn Thịnh,1987-05-15,2023-06-26,NULL,employee1201,4,9
1202,Đỗ Văn Tiến,1993-12-11,2013-09-28,NULL,employee1202,4,9
1203,Hoàng Thị Yến,1993-11-14,2016-08-28,NULL,employee1203,4,9
1204,Đặng Văn Dũng,1999-01-04,2023-11-16,NULL,employee1204,4,9
1205,Đỗ Văn Khánh,1997-07-16,2016-11-09,NULL,employee1205,4,9
1206,Nguyễn Thị Mai,1996-07-07,2017-09-08,NULL,employee1206,5,9
1207,Trần Văn Phong,2002-06-14,2022-04-16,NULL,employee1207,5,9
1208,Phạm Văn Phúc,1986-01-03,2012-03-01,NULL,employee1208,1,10
1209,Vũ Thị Cúc,1989-04-03,2010-10-21,NULL,employee1209,2,10
1210,Phạm Thị Lan,1993-04-14,2017-09-24,NULL,employee1210,2,10
1211,Trần Thị Hương,1992-08-06,2022-07-12,NULL,employee1211,2,10
1212,Phan Thị Hạnh,1992-03-09,2020-06-18,NULL,employee1212,2,10
1213,Vũ Văn Lâm,1999-04-01,2020-09-10,NULL,employee1213,2,10
1214,Hoàng Văn Hùng,1985-01-08,2018-05-21,NULL,employee1214,2,10
1215,Vũ Thị Thanh,2004-10-08,2021-10-04,NULL,employee1215,2,10
1216,Nguyễn Văn Hải,1988-01-07,2020-12-28,NULL,employee1216,2,10
1217,Bùi Thị Tuyết,1988-06-18,2020-10-22,NULL,employee1217,2,10
1218,Bùi Thị Thu,1993-01-06,2021-05-11,NULL,employee1218,2,10
1219,Đặng Văn Dũng,2005-03-23,2015-05-22,NULL,employee1219,3,10
1220,Lê Thị Vân,1988-01-17,2024-02-15,NULL,employee1220,3,10
1221,Trần Văn Phúc,1999-08-11,2021-05-09,NULL,employee1221,4,10
1222,Nguyễn Thị Ngọc,1980-11-04,2023-11-28,NULL,employee1222,4,10
1223,Vũ Văn Long,2002-02-16,2020-06-13,NULL,employee1223,4,10
1224,Đỗ Văn Tiến,2004-06-22,2021-07-06,NULL,employee1224,4,10
1225,Đỗ Văn Tiến,2000-11-29,2024-03-09,NULL,employee1225,4,10
1226,Nguyễn Văn Bình,1992-04-29,2024-02-04,NULL,employee1226,4,10
1227,Phan Văn Thịnh,1996-11-08,2017-07-16,NULL,employee1227,4,10
1228,Phạm Thị Dung,1987-09-12,2011-12-02,NULL,employee1228,4,10
1229,Đặng Văn Thắng,1992-09-29,2013-05-30,NULL,employee1229,5,10
1230,Đặng Thị Liên,2005-03-09,2011-04-19,NULL,employee1230,5,10
1231,Trần Thị Hương,1985-01-26,2011-05-26,NULL,employee1231,1,11
1232,Trần Văn Nam,1983-10-26,2019-07-05,NULL,employee1232,2,11
1233,Lê Thị Vân,1993-12-31,2015-06-09,NULL,employee1233,2,11
1234,Phạm Văn Vinh,1981-08-12,2011-06-28,NULL,employee1234,2,11
1235,Nguyễn Thị Mai,2004-06-09,2020-05-12,NULL,employee1235,2,11
1236,Phan Thị Hạnh,1980-03-13,2018-04-19,NULL,employee1236,2,11
1237,Đặng Thị Liên,1980-04-01,2014-10-20,NULL,employee1237,2,11
1238,Nguyễn Thị Trang,1986-12-18,2010-04-30,NULL,employee1238,2,11
1239,Vũ Thị Thanh,1990-08-06,2014-11-03,NULL,employee1239,2,11
1240,Đỗ Văn Tiến,1996-08-24,2010-12-23,NULL,employee1240,2,11
1241,Phạm Thị Lan,1998-03-05,2012-09-04,NULL,employee1241,2,11
1242,Nguyễn Văn Hải,1992-04-04,2017-09-14,NULL,employee1242,3,11
1243,Phan Văn Thắng,2004-06-05,2017-01-16,NULL,employee1243,3,11
1244,Bùi Thị Hương,1992-11-08,2023-10-23,NULL,employee1244,4,11
1245,Nguyễn Thị Mai,1998-09-01,2015-09-25,NULL,employee1245,4,11
1246,Hoàng Thị Quỳnh,1995-05-08,2018-04-10,NULL,employee1246,4,11
1247,Đỗ Thị Minh,2005-05-27,2024-02-26,NULL,employee1247,4,11
1248,Phan Thị Kim,1989-06-05,2022-08-10,NULL,employee1248,4,11
1249,Phạm Văn Quang,1986-09-13,2017-05-01,NULL,employee1249,4,11
1250,Trần Văn Phúc,2004-11-09,2012-02-04,NULL,employee1250,4,11
1251,Phạm Văn Phúc,1989-06-04,2022-07-31,NULL,employee1251,4,11
1252,Đỗ Văn Khánh,2002-03-16,2017-07-08,NULL,employee1252,5,11
1253,Bùi Thị Hương,1998-05-01,2012-06-06,NULL,employee1253,5,11
1254,Đặng Thị Hoa,1995-12-28,2011-08-12,NULL,employee1254,1,12
1255,Vũ Văn Hiếu,1995-04-06,2016-07-12,NULL,employee1255,2,12
1256,Đỗ Văn Tiến,1995-01-24,2021-01-17,NULL,employee1256,2,12
1257,Trần Văn Phong,1997-11-30,2024-07-19,NULL,employee1257,2,12
1258,Bùi Văn Minh,2000-07-31,2018-09-13,NULL,employee1258,2,12
1259,Lê Thị Ngọc,2004-11-04,2014-02-24,NULL,employee1259,2,12
1260,Nguyễn Thị Mai,1988-08-15,2010-04-18,NULL,employee1260,2,12
1261,Lê Thị Ngọc,1989-08-30,2021-09-25,NULL,employee1261,2,12
1262,Trần Văn Nam,1985-07-09,2010-02-15,NULL,employee1262,2,12
1263,Trần Văn Phong,1992-09-29,2018-07-26,NULL,employee1263,2,12
1264,Phan Văn Thắng,2005-06-05,2023-12-12,NULL,employee1264,2,12
1265,Phan Thị Hạnh,1986-10-14,2010-04-03,NULL,employee1265,3,12
1266,Vũ Thị Thanh,1995-01-28,2022-03-28,NULL,employee1266,3,12
1267,Đỗ Thị Lan,1999-03-02,2012-02-02,NULL,employee1267,4,12
1268,Trần Văn Nam,1986-08-14,2012-07-07,NULL,employee1268,4,12
1269,Phạm Văn Quang,1993-02-01,2015-09-17,NULL,employee1269,4,12
1270,Nguyễn Văn An,2000-05-25,2017-09-19,NULL,employee1270,4,12
1271,Phan Văn Thắng,1984-12-10,2015-12-21,NULL,employee1271,4,12
1272,Bùi Văn Long,2002-09-16,2022-07-22,NULL,employee1272,4,12
1273,Phan Văn Sơn,1981-01-11,2011-05-05,NULL,employee1273,4,12
1274,Đặng Văn Toàn,1995-10-15,2013-04-16,NULL,employee1274,4,12
1275,Bùi Thị Thu,1989-11-10,2017-05-12,NULL,employee1275,5,12
1276,Phan Thị Kim,2002-12-20,2014-04-09,NULL,employee1276,5,12
1277,Đỗ Văn Việt,1982-04-04,2015-11-16,NULL,employee1277,1,13
1278,Vũ Văn Hiếu,1999-08-12,2013-03-30,NULL,employee1278,2,13
1279,Đỗ Thị Nga,2003-12-06,2016-12-21,NULL,employee1279,2,13
1280,Đặng Thị Liên,1986-06-24,2022-07-12,NULL,employee1280,2,13
1281,Đỗ Văn Khánh,1991-12-05,2011-12-08,NULL,employee1281,2,13
1282,Hoàng Thị Quỳnh,1986-03-14,2018-03-18,NULL,employee1282,2,13
1283,Phan Văn Sơn,1991-08-09,2021-12-12,NULL,employee1283,2,13
1284,Trần Văn Tuấn,2001-08-04,2023-01-12,NULL,employee1284,2,13
1285,Trần Văn Tuấn,2001-07-20,2022-09-20,NULL,employee1285,2,13
1286,Phan Thị Hạnh,2001-01-30,2019-05-09,NULL,employee1286,2,13
1287,Hoàng Thị Thanh,1994-10-11,2021-04-24,NULL,employee1287,2,13
1288,Trần Văn Tuấn,1984-07-12,2016-07-25,NULL,employee1288,3,13
1289,Lê Thị Ngọc,2005-06-25,2012-05-11,NULL,employee1289,3,13
1290,Bùi Thị Tuyết,1996-07-07,2014-09-07,NULL,employee1290,4,13
1291,Đặng Văn Thắng,2005-08-17,2011-03-06,NULL,employee1291,4,13
1292,Lê Thị Ngọc,1996-10-15,2018-06-11,NULL,employee1292,4,13
1293,Hoàng Văn Hùng,1989-07-06,2017-04-14,NULL,employee1293,4,13
1294,Trần Văn Tuấn,1991-07-08,2010-08-15,NULL,employee1294,4,13
1295,Đặng Thị Hoa,2001-03-09,2021-08-08,NULL,employee1295,4,13
1296,Vũ Văn Lâm,1987-04-02,2013-07-30,NULL,employee1296,4,13
1297,Đỗ Văn Khánh,1997-06-02,2012-10-04,NULL,employee1297,4,13
1298,Hoàng Văn Đức,1982-02-10,2021-12-18,NULL,employee1298,5,13
1299,Phạm Thị Lan,1994-03-20,2019-12-22,NULL,employee1299,5,13
1300,Nguyễn Văn An,1996-04-28,2012-12-08,NULL,employee1300,1,14
1301,Bùi Thị Tuyết,1984-03-19,2023-05-24,NULL,employee1301,2,14
1302,Phan Thị Hạnh,2004-05-24,2019-12-14,NULL,employee1302,2,14
1303,Trần Thị Cẩm,1988-03-30,2021-07-21,NULL,employee1303,2,14
1304,Vũ Thị Thảo,1983-02-16,2023-02-19,NULL,employee1304,2,14
1305,Vũ Văn Hiếu,1982-10-27,2019-01-11,NULL,employee1305,2,14
1306,Trần Văn Nam,1984-07-01,2013-05-06,NULL,employee1306,2,14
1307,Đỗ Văn Tiến,1995-02-25,2018-07-29,NULL,employee1307,2,14
1308,Trần Văn Nam,1998-02-12,2013-04-13,NULL,employee1308,2,14
1309,Lê Thị Vân,1994-04-17,2024-02-09,NULL,employee1309,2,14
1310,Đặng Thị Mai,2000-08-29,2013-12-09,NULL,employee1310,2,14
1311,Lê Thị Ngọc,1993-01-01,2012-12-18,NULL,employee1311,3,14
1312,Lê Thị Vân,2005-08-20,2012-04-14,NULL,employee1312,3,14
1313,Lê Thị Ngọc,1999-01-06,2013-02-07,NULL,employee1313,4,14
1314,Bùi Thị Hương,1985-11-26,2019-12-07,NULL,employee1314,4,14
1315,Phan Thị Hạnh,2004-02-28,2020-03-12,NULL,employee1315,4,14
1316,Nguyễn Thị Ngọc,1999-04-08,2017-10-18,NULL,employee1316,4,14
1317,Phan Thị Hạnh,1983-06-20,2010-04-05,NULL,employee1317,4,14
1318,Hoàng Thị Quỳnh,1992-05-12,2015-12-14,NULL,employee1318,4,14
1319,Nguyễn Thị Trang,1988-11-07,2023-09-11,NULL,employee1319,4,14
1320,Phạm Văn Vinh,1981-04-17,2016-07-28,NULL,employee1320,4,14
1321,Đặng Văn Thắng,2004-07-31,2011-01-17,NULL,employee1321,5,14
1322,Phan Văn Sơn,1982-08-11,2015-08-18,NULL,employee1322,5,14
1323,Đặng Thị Liên,1999-08-03,2014-10-31,NULL,employee1323,1,15
1324,Nguyễn Văn An,1998-05-05,2016-11-13,NULL,employee1324,2,15
1325,Bùi Văn Long,1994-07-31,2021-02-24,NULL,employee1325,2,15
1326,Lê Minh Châu,1991-08-23,2023-03-04,NULL,employee1326,2,15
1327,Nguyễn Thị Trang,1980-10-03,2023-10-23,NULL,employee1327,2,15
1328,Hoàng Văn Lâm,1986-04-23,2010-10-05,NULL,employee1328,2,15
1329,Đỗ Thị Lan,1982-01-03,2014-05-29,NULL,employee1329,2,15
1330,Trần Thị Cẩm,1999-11-29,2016-01-18,NULL,employee1330,2,15
1331,Lê Thị Quỳnh,2003-09-23,2023-04-12,NULL,employee1331,2,15
1332,Đỗ Thị Nga,1984-04-17,2011-07-16,NULL,employee1332,2,15
1333,Đỗ Văn Tiến,1988-10-12,2021-12-26,NULL,employee1333,2,15
1334,Đỗ Văn Việt,1981-11-26,2019-07-17,NULL,employee1334,3,15
1335,Hoàng Văn Hùng,2005-09-26,2016-05-18,NULL,employee1335,3,15
1336,Đặng Thị Hoa,1987-05-01,2012-12-23,NULL,employee1336,4,15
1337,Trần Văn Tuấn,1983-09-15,2017-05-02,NULL,employee1337,4,15
1338,Nguyễn Thị Trang,1991-07-17,2023-12-08,NULL,employee1338,4,15
1339,Hoàng Thị Yến,2004-08-18,2010-02-17,NULL,employee1339,4,15
1340,Phan Thị Lệ,1997-11-12,2012-04-20,NULL,employee1340,4,15
1341,Trần Thị Hương,1992-02-06,2021-06-19,NULL,employee1341,4,15
1342,Hoàng Thị Yến,1997-02-25,2017-10-21,NULL,employee1342,4,15
1343,Phạm Thị Dung,1995-12-22,2023-11-13,NULL,employee1343,4,15
1344,Nguyễn Thị Trang,1987-09-27,2020-02-07,NULL,employee1344,5,15
1345,Vũ Thị Thu,1983-12-18,2017-01-29,NULL,employee1345,5,15
1,Hoàng Văn Đức,1994-02-02,2018-12-21,2019-02-07,employee1,5,4
2,Phạm Thị Hồng,2004-01-25,2016-06-19,2016-07-09,employee2,3,11
3,Đặng Văn Toàn,1998-08-19,2020-02-21,2020-05-02,employee3,3,9
4,Nguyễn Thị Trang,1981-07-25,2012-12-29,2013-08-10,employee4,3,3
5,Hoàng Văn Lâm,1984-08-12,2010-07-06,2011-04-12,employee5,2,11
6,Đặng Văn Toàn,1994-08-21,2023-08-06,2024-03-12,employee6,5,13
7,Nguyễn Văn An,1998-07-30,2024-07-08,2025-03-21,employee7,5,7
8,Bùi Thị Tuyết,1984-04-20,2013-03-18,2013-06-12,employee8,2,8
9,Vũ Thị Thu,1998-05-22,2016-03-25,2016-07-16,employee9,3,11
10,Phan Thị Hạnh,1983-08-17,2013-12-13,2014-04-23,employee10,2,4
11,Phạm Văn Vinh,1989-01-13,2016-11-25,2017-07-22,employee11,2,8
12,Phạm Thị Lan,1991-07-15,2023-11-05,2024-03-12,employee12,4,13
13,Hoàng Thị Thanh,1980-08-16,2016-08-07,2017-07-16,employee13,1,8
14,Phan Thị Hạnh,1989-10-30,2016-06-25,2017-01-26,employee14,6,1
15,Hoàng Thị Thanh,1981-06-08,2022-05-15,2022-09-04,employee15,6,13
16,Phạm Thị Dung,1991-08-11,2023-09-16,2023-12-30,employee16,1,13
17,Nguyễn Thị Mai,2001-11-15,2010-09-16,2011-04-30,employee17,2,2
18,Phạm Văn Phúc,1992-12-12,2021-11-24,2022-11-12,employee18,1,3
19,Bùi Văn Long,1985-10-09,2012-04-17,2012-06-12,employee19,6,4
20,Lê Minh Châu,1980-09-04,2017-05-19,2018-05-16,employee20,1,2
21,Đặng Văn Dũng,1985-03-10,2013-08-08,2013-12-28,employee21,5,12
22,Đặng Thị Hoa,1981-08-23,2013-07-13,2014-01-22,employee22,6,7
23,Trần Thị Hương,1982-10-07,2016-04-03,2016-12-17,employee23,6,13
24,Phan Thị Kim,1990-07-04,2019-09-26,2019-11-30,employee24,2,8
25,Đỗ Văn Việt,1985-09-12,2016-05-02,2016-07-17,employee25,1,14
26,Hoàng Thị Yến,1997-04-29,2014-07-23,2014-09-01,employee26,4,7
27,Vũ Thị Cúc,2003-10-24,2018-03-31,2018-12-17,employee27,5,12
28,Đỗ Văn Việt,2002-01-01,2016-08-31,2016-11-21,employee28,4,4
29,Nguyễn Văn Bình,2004-11-24,2015-10-23,2016-06-01,employee29,1,13
30,Phạm Văn Sơn,1998-02-16,2021-08-28,2022-03-19,employee30,5,9
31,Hoàng Thị Thanh,1987-04-25,2015-11-11,2016-08-17,employee31,5,8
32,Vũ Văn Hiếu,1984-01-24,2014-03-18,2015-01-04,employee32,5,5
33,Phan Thị Hạnh,2000-11-05,2010-11-11,2011-10-12,employee33,4,4
34,Trần Văn Nam,1980-09-24,2023-03-21,2023-10-27,employee34,1,13
35,Phạm Thị Lan,1995-05-27,2023-03-14,2023-11-05,employee35,4,10
36,Trần Thị Bích,1993-06-22,2020-05-31,2021-05-07,employee36,3,2
37,Lê Thị Phương,1993-11-15,2019-05-05,2019-10-03,employee37,5,14
38,Đặng Thị Hoa,1988-03-21,2021-08-09,2022-08-04,employee38,5,3
39,Phạm Văn Quang,1997-04-29,2023-11-21,2024-02-04,employee39,4,14
40,Trần Thị Bích,1983-09-09,2024-10-30,2025-05-16,employee40,1,3
41,Trần Văn Nam,1980-03-20,2010-10-25,2011-01-13,employee41,5,8
42,Đặng Văn Thắng,2003-01-30,2011-07-16,2011-08-17,employee42,6,6
43,Phan Văn Sơn,1986-06-18,2015-09-29,2015-12-06,employee43,3,2
44,Đỗ Văn Tiến,1985-10-04,2018-07-23,2018-07-29,employee44,6,5
45,Phan Văn Sơn,1980-04-03,2014-01-19,2014-12-28,employee45,6,3
46,Nguyễn Thị Trang,1989-01-08,2019-04-24,2019-10-10,employee46,3,10
47,Bùi Thị Thu,1994-03-31,2012-11-08,2013-09-01,employee47,1,11
48,Phạm Thị Dung,2003-12-05,2014-06-24,2015-03-13,employee48,3,11
49,Trần Văn Nam,1997-12-13,2022-08-25,2023-08-12,employee49,4,4
50,Bùi Thị Hương,1988-12-26,2022-05-21,2022-07-17,employee50,6,12
51,Nguyễn Thị Ngọc,1984-06-22,2014-02-09,2014-09-21,employee51,3,2
52,Trần Văn Nam,1981-02-18,2023-11-01,2024-01-17,employee52,6,1
53,Đỗ Thị Lan,1990-09-15,2022-12-16,2023-10-01,employee53,2,14
54,Phan Thị Kim,1995-04-16,2014-08-07,2015-02-23,employee54,1,4
55,Đặng Văn Toàn,2001-05-06,2013-12-08,2014-05-14,employee55,6,14
56,Lê Minh Hoàng,1986-08-31,2019-06-11,2019-09-03,employee56,2,3
57,Nguyễn Thị Ngọc,1991-10-12,2015-08-07,2016-03-14,employee57,4,6
58,Lê Thị Ngọc,1986-02-07,2017-07-26,2017-09-09,employee58,3,6
59,Vũ Văn Long,1996-07-23,2015-03-12,2015-10-18,employee59,1,10
60,Vũ Thị Thu,1984-12-03,2023-12-14,2024-10-01,employee60,3,3
61,Đặng Thị Hoa,2002-11-22,2010-11-25,2011-01-13,employee61,1,15
62,Nguyễn Thị Ngân,1986-03-10,2021-12-12,2022-01-04,employee62,4,2
63,Đỗ Thị Lan,1999-01-09,2010-04-02,2010-10-15,employee63,1,8
64,Vũ Văn Lâm,1989-12-09,2015-03-08,2015-06-26,employee64,5,5
65,Phan Thị Kim,1986-11-15,2016-03-16,2016-10-06,employee65,1,3
66,Đỗ Văn Tiến,1987-11-09,2021-12-25,2022-05-16,employee66,4,9
67,Phan Thị Hạnh,1987-01-11,2018-11-12,2018-11-16,employee67,3,3
68,Phạm Thị Hồng,1981-02-25,2018-08-06,2019-02-01,employee68,3,1
69,Vũ Thị Thu,2003-01-15,2021-12-31,2022-10-29,employee69,5,8
70,Lê Minh Châu,1987-08-03,2021-03-08,2021-05-05,employee70,2,6
71,Bùi Văn Minh,1993-01-21,2022-10-21,2022-12-14,employee71,5,1
72,Nguyễn Văn Hải,2003-05-31,2015-01-13,2015-10-20,employee72,2,2
73,Phạm Thị Dung,1989-12-17,2011-07-27,2011-12-10,employee73,1,11
74,Trần Thị Hương,1995-10-15,2023-08-20,2023-12-01,employee74,4,3
75,Bùi Văn Minh,2000-01-18,2018-02-25,2018-11-24,employee75,4,12
76,Bùi Thị Hương,2001-08-04,2018-05-06,2019-02-27,employee76,3,13
77,Nguyễn Văn Bình,1980-07-27,2010-01-14,2010-08-23,employee77,6,11
78,Đặng Văn Dũng,1981-07-20,2011-06-14,2012-02-07,employee78,5,13
79,Đỗ Thị Lan,1987-01-07,2020-07-29,2021-02-09,employee79,4,12
80,Phạm Thị Lan,1995-05-14,2024-04-21,2024-08-23,employee80,1,15
81,Đặng Thị Liên,1990-07-06,2011-10-23,2012-08-06,employee81,4,11
82,Phan Thị Lệ,1982-12-26,2018-12-14,2019-03-20,employee82,5,9
83,Lê Thị Ngọc,1992-05-20,2018-06-28,2019-04-26,employee83,3,11
84,Phạm Văn Phúc,1999-07-04,2019-10-05,2020-04-11,employee84,1,13
85,Đặng Văn Toàn,2001-07-23,2014-11-02,2015-10-31,employee85,2,3
86,Nguyễn Văn An,2002-03-10,2024-08-04,2024-10-19,employee86,1,2
87,Phạm Thị Lan,1992-08-10,2022-03-10,2023-02-07,employee87,4,2
88,Đặng Văn Dũng,1990-06-11,2023-11-14,2024-01-16,employee88,3,1
89,Phạm Thị Hồng,1987-11-05,2013-07-04,2014-04-02,employee89,6,10
90,Lê Thị Phương,1997-07-29,2015-05-04,2015-10-05,employee90,3,11
91,Đặng Văn Dũng,2000-05-05,2018-03-04,2019-02-10,employee91,5,15
92,Đỗ Văn Khánh,1997-05-14,2022-11-16,2023-09-21,employee92,5,4
93,Đặng Văn Dũng,1993-05-22,2011-01-15,2011-09-29,employee93,6,14
94,Đặng Văn Dũng,1988-12-01,2014-06-13,2014-09-24,employee94,4,6
95,Trần Thị Bích,1998-10-09,2019-12-29,2020-07-03,employee95,1,14
96,Phan Văn Sơn,2005-08-27,2010-09-02,2010-11-14,employee96,4,14
97,Hoàng Thị Quỳnh,2003-10-27,2020-03-20,2020-08-30,employee97,6,6
98,Vũ Văn Long,1992-03-09,2015-11-23,2016-06-28,employee98,2,5
99,Vũ Thị Cúc,2005-02-03,2013-12-19,2014-03-23,employee99,4,15
100,Lê Thị Ngọc,1992-08-31,2011-01-02,2011-09-05,employee100,4,4
101,Đặng Văn Thắng,1991-05-22,2024-02-14,2024-07-17,employee101,2,12
102,Hoàng Văn Đức,1981-05-29,2016-10-18,2017-01-14,employee102,1,3
103,Đỗ Thị Lan,1984-06-29,2011-04-23,2011-05-21,employee103,6,11
104,Trần Thị Bích,1987-04-12,2010-12-05,2011-01-13,employee104,2,7
105,Đặng Thị Hoa,1983-12-15,2012-11-04,2013-03-28,employee105,4,4
106,Phạm Văn Vinh,2001-10-14,2014-10-07,2015-08-22,employee106,1,9
107,Đặng Thị Mai,1992-05-17,2021-02-13,2021-12-29,employee107,5,7
108,Phạm Văn Vinh,1993-01-20,2024-02-17,2024-07-05,employee108,3,4
109,Vũ Thị Thảo,1986-11-23,2011-03-14,2012-02-05,employee109,1,3
110,Lê Minh Đạt,1981-02-25,2014-03-02,2014-10-01,employee110,1,3
111,Đỗ Văn Khánh,1983-10-08,2012-03-19,2012-11-13,employee111,6,4
112,Nguyễn Thị Trang,1989-06-01,2020-05-24,2020-06-08,employee112,3,13
113,Đỗ Thị Lan,1996-08-06,2011-03-28,2011-08-19,employee113,1,15
114,Hoàng Thị Yến,1988-12-22,2011-03-12,2011-07-23,employee114,1,12
115,Đặng Văn Toàn,1998-02-23,2012-09-23,2013-04-19,employee115,5,6
116,Nguyễn Văn An,1982-02-02,2023-07-03,2024-04-13,employee116,2,5
117,Vũ Văn Hiếu,1991-09-24,2020-02-29,2020-10-13,employee117,6,7
118,Đặng Thị Hoa,1994-12-15,2023-01-18,2023-02-11,employee118,5,5
119,Nguyễn Thị Ngân,1998-12-27,2023-10-06,2024-05-23,employee119,4,2
120,Phan Thị Hạnh,1989-03-20,2021-05-22,2021-10-31,employee120,5,7
121,Vũ Thị Thu,2005-07-15,2017-07-15,2018-06-22,employee121,6,5
122,Đỗ Văn Tiến,2005-03-26,2010-11-23,2011-08-05,employee122,4,14
123,Nguyễn Văn Hải,2000-02-21,2022-04-30,2023-03-31,employee123,1,14
124,Vũ Thị Thảo,1996-04-09,2012-06-21,2013-05-01,employee124,5,4
125,Bùi Văn Minh,1998-08-25,2012-02-15,2012-10-18,employee125,5,13
126,Phan Thị Kim,1984-02-02,2020-10-21,2021-08-24,employee126,1,6
127,Nguyễn Văn An,2001-09-16,2021-01-22,2021-02-03,employee127,6,9
128,Trần Thị Bích,1980-09-30,2016-11-24,2017-02-03,employee128,3,5
129,Nguyễn Thị Trang,1984-08-17,2017-07-08,2017-10-05,employee129,3,10
130,Phan Thị Hạnh,1994-03-17,2019-05-14,2019-06-14,employee130,3,13
131,Lê Minh Châu,1990-05-29,2012-02-22,2012-04-27,employee131,6,15
132,Vũ Thị Cúc,1994-12-28,2023-03-09,2023-06-10,employee132,5,5
133,Vũ Thị Cúc,1996-06-08,2020-03-28,2021-03-18,employee133,4,7
134,Nguyễn Văn An,1988-01-14,2024-05-14,2025-04-24,employee134,2,2
135,Hoàng Văn Đức,1982-11-23,2010-04-22,2011-04-01,employee135,3,14
136,Hoàng Thị Thanh,1995-02-28,2016-05-14,2016-11-24,employee136,4,7
137,Nguyễn Thị Mai,1982-02-17,2020-09-12,2021-06-12,employee137,4,8
138,Đỗ Văn Khánh,2004-08-23,2011-11-08,2012-05-29,employee138,1,14
139,Trần Thị Bích,1980-10-10,2018-02-22,2018-04-12,employee139,2,4
140,Trần Văn Nam,1989-03-01,2022-04-19,2022-06-02,employee140,1,12
141,Đặng Văn Toàn,2005-02-27,2017-03-03,2018-01-16,employee141,4,7
142,Bùi Thị Tuyết,1983-02-05,2013-03-21,2014-03-13,employee142,6,3
143,Phạm Văn Quang,1984-01-16,2022-07-05,2022-09-03,employee143,2,13
144,Đặng Thị Hoa,1995-11-29,2016-10-08,2016-11-07,employee144,6,15
145,Hoàng Văn Hùng,1990-09-09,2020-06-12,2020-08-05,employee145,5,1
146,Phạm Thị Dung,1985-12-14,2012-12-05,2013-10-31,employee146,2,2
147,Phạm Thị Lan,1995-09-17,2013-09-29,2014-07-03,employee147,3,12
148,Đỗ Văn Tiến,1997-05-09,2023-11-21,2024-10-27,employee148,1,3
149,Nguyễn Thị Trang,2002-02-19,2013-03-29,2014-02-02,employee149,1,15
150,Trần Văn Nam,2004-11-22,2014-03-21,2014-08-04,employee150,3,3
151,Trần Văn Tuấn,2004-11-11,2018-12-10,2019-04-02,employee151,5,3
152,Vũ Thị Thanh,1980-12-13,2020-12-06,2021-09-27,employee152,5,13
153,Hoàng Thị Yến,1999-01-24,2010-05-20,2011-01-03,employee153,1,12
154,Nguyễn Thị Trang,1980-10-06,2016-12-15,2017-09-18,employee154,3,11
155,Phan Văn Bình,2003-07-19,2018-03-06,2018-10-03,employee155,6,15
156,Bùi Văn Minh,1989-03-30,2023-07-14,2024-04-22,employee156,4,9
157,Nguyễn Thị Mai,1995-06-17,2010-02-19,2011-01-04,employee157,4,3
158,Hoàng Thị Thanh,2001-12-25,2017-07-12,2018-03-29,employee158,2,11
159,Phan Thị Hạnh,2005-04-14,2016-05-11,2017-02-15,employee159,1,2
160,Phạm Văn Phúc,2005-06-02,2012-01-16,2012-07-15,employee160,5,6
161,Trần Thị Bích,1990-08-03,2014-05-22,2014-09-15,employee161,3,8
162,Nguyễn Văn An,1995-09-10,2015-11-07,2016-05-31,employee162,4,7
163,Phan Văn Sơn,1980-08-12,2015-12-16,2016-06-06,employee163,5,13
164,Đặng Thị Liên,2004-06-20,2011-10-02,2012-07-11,employee164,2,8
165,Hoàng Thị Quỳnh,2005-10-25,2017-05-05,2018-01-21,employee165,1,6
166,Đỗ Văn Khánh,1982-07-23,2016-06-14,2016-09-16,employee166,1,12
167,Đỗ Thị Lan,1994-03-06,2014-11-14,2015-03-14,employee167,3,9
168,Vũ Văn Hiếu,1997-07-24,2013-02-26,2014-02-07,employee168,1,15
169,Đỗ Văn Khánh,1995-09-23,2022-04-03,2022-04-22,employee169,1,11
170,Phan Văn Bình,1993-10-30,2011-11-07,2012-02-08,employee170,6,10
171,Phan Thị Hạnh,1992-02-20,2023-01-16,2023-09-06,employee171,5,13
172,Đặng Thị Liên,2001-12-04,2021-07-03,2022-04-05,employee172,4,7
173,Trần Văn Nam,1983-08-09,2019-09-29,2019-11-24,employee173,5,13
174,Vũ Văn Lâm,1994-11-09,2022-07-17,2022-11-18,employee174,2,6
175,Phạm Thị Dung,2004-07-13,2019-07-08,2020-03-10,employee175,6,11
176,Hoàng Thị Yến,1998-02-26,2022-11-29,2023-04-08,employee176,6,14
177,Bùi Thị Hương,1986-10-03,2021-11-25,2022-02-16,employee177,4,7
178,Bùi Văn Minh,1994-10-13,2014-06-16,2014-10-31,employee178,6,11
179,Phan Văn Bình,1991-11-10,2023-12-10,2024-10-30,employee179,2,7
180,Vũ Thị Cúc,2004-12-19,2011-04-24,2011-12-08,employee180,1,4
181,Đặng Thị Liên,1990-03-01,2023-11-02,2024-02-06,employee181,3,2
182,Bùi Văn Hùng,1980-02-29,2020-04-19,2020-11-22,employee182,4,8
183,Lê Minh Châu,2002-08-30,2012-10-05,2013-02-17,employee183,2,1
184,Nguyễn Thị Ngân,1995-02-22,2016-06-21,2016-11-14,employee184,2,3
185,Hoàng Văn Hùng,2000-08-20,2024-01-17,2024-08-12,employee185,2,9
186,Đỗ Thị Lan,1988-07-19,2013-09-13,2014-09-11,employee186,4,2
187,Trần Văn Phong,1983-12-21,2010-06-29,2010-07-11,employee187,3,15
188,Vũ Thị Cúc,1999-12-11,2016-12-21,2017-10-25,employee188,1,11
189,Đặng Văn Toàn,1994-11-11,2017-01-04,2017-12-02,employee189,3,12
190,Phan Thị Hạnh,1998-12-14,2016-01-31,2016-04-02,employee190,4,5
191,Trần Văn Nam,1989-07-12,2010-12-20,2011-12-18,employee191,3,1
192,Đỗ Văn Khánh,1983-11-10,2014-10-09,2014-10-16,employee192,6,5
193,Lê Thị Vân,2001-04-16,2017-01-06,2017-01-11,employee193,6,4
194,Lê Thị Ngọc,2000-04-24,2016-05-14,2016-05-29,employee194,6,4
195,Phan Thị Lệ,1998-06-04,2014-03-05,2014-11-02,employee195,3,6
196,Phạm Văn Phúc,1991-05-14,2010-09-27,2010-10-14,employee196,6,7
197,Lê Thị Quỳnh,2002-02-20,2010-05-01,2011-04-11,employee197,6,13
198,Trần Thị Hương,1990-08-30,2011-10-06,2011-11-09,employee198,3,5
199,Đặng Văn Dũng,2003-08-19,2023-03-31,2023-04-06,employee199,4,2
200,Đặng Văn Toàn,2004-06-01,2016-01-19,2016-06-15,employee200,3,12
201,Phạm Văn Vinh,1991-04-20,2015-01-10,2015-12-14,employee201,5,10
202,Nguyễn Văn Bình,2002-08-28,2022-01-02,2022-08-25,employee202,6,9
203,Hoàng Thị Yến,1981-02-02,2019-07-17,2019-12-17,employee203,2,14
204,Lê Thị Vân,1999-07-27,2012-01-02,2012-05-26,employee204,6,3
205,Bùi Văn Minh,1985-07-20,2020-06-12,2021-06-04,employee205,2,2
206,Bùi Thị Tuyết,1998-04-11,2021-01-02,2021-02-12,employee206,2,8
207,Nguyễn Thị Trang,1982-01-14,2022-07-14,2022-09-18,employee207,6,9
208,Đỗ Văn Khánh,2001-08-08,2010-04-27,2010-10-26,employee208,1,2
209,Vũ Thị Thu,1993-12-11,2013-09-10,2014-07-29,employee209,5,9
210,Đỗ Thị Lan,1992-03-23,2023-06-08,2024-04-17,employee210,6,4
211,Nguyễn Thị Trang,2002-07-18,2021-01-21,2021-01-25,employee211,4,12
212,Hoàng Văn Lâm,1991-02-07,2011-06-01,2012-03-06,employee212,3,10
213,Phạm Văn Sơn,2004-07-02,2019-02-25,2020-01-29,employee213,5,5
214,Vũ Văn Hiếu,2003-08-17,2023-02-04,2023-03-29,employee214,4,8
215,Phạm Thị Lan,1988-08-08,2021-02-22,2021-12-22,employee215,3,10
216,Hoàng Thị Thanh,1989-01-29,2021-04-02,2021-11-05,employee216,4,12
217,Phạm Văn Quang,1988-02-04,2023-01-14,2023-04-09,employee217,1,7
218,Đỗ Thị Nga,1998-04-26,2019-07-17,2019-11-10,employee218,6,7
219,Trần Thị Cẩm,1992-11-03,2017-12-21,2018-06-13,employee219,1,2
220,Trần Văn Tuấn,2001-06-12,2018-06-09,2018-10-16,employee220,4,13
221,Phạm Văn Sơn,1997-05-13,2013-08-13,2013-11-23,employee221,1,14
222,Phan Văn Thắng,1984-10-19,2024-01-14,2024-02-19,employee222,3,4
223,Lê Thị Vân,1986-01-08,2010-04-01,2010-07-10,employee223,6,12
224,Bùi Thị Thu,1985-06-22,2023-04-21,2023-08-22,employee224,4,7
225,Vũ Thị Cúc,1999-12-04,2016-01-19,2016-05-26,employee225,2,12
226,Phan Văn Bình,1998-02-22,2012-04-06,2012-11-25,employee226,1,1
227,Trần Văn Tuấn,1983-08-05,2022-04-28,2022-12-05,employee227,6,7
228,Đỗ Văn Tiến,1986-06-30,2023-09-02,2024-08-30,employee228,2,14
229,Nguyễn Thị Ngọc,1980-07-05,2014-04-10,2014-07-02,employee229,2,8
230,Nguyễn Thị Mai,1999-09-11,2016-07-19,2016-12-14,employee230,1,11
231,Đặng Văn Thắng,2001-07-02,2013-09-04,2013-09-21,employee231,1,14
232,Đặng Văn Toàn,2000-10-06,2022-01-25,2022-04-20,employee232,5,9
233,Bùi Văn Minh,2005-07-20,2017-01-15,2017-04-04,employee233,4,10
234,Lê Thị Ngọc,2000-10-15,2019-03-01,2019-11-23,employee234,2,2
235,Hoàng Văn Hùng,2004-06-23,2017-05-28,2018-04-05,employee235,4,9
236,Trần Thị Bích,1980-09-26,2012-07-03,2012-10-06,employee236,2,8
237,Đỗ Văn Tiến,2001-05-10,2015-12-18,2016-02-02,employee237,6,5
238,Vũ Thị Cúc,2004-10-24,2022-11-11,2023-02-27,employee238,2,1
239,Hoàng Thị Quỳnh,1998-06-26,2013-02-13,2013-03-03,employee239,4,10
240,Bùi Văn Long,1990-10-27,2018-11-01,2019-05-22,employee240,2,14
241,Hoàng Thị Quỳnh,1998-04-27,2014-01-27,2014-03-09,employee241,1,11
242,Phan Văn Bình,1984-04-04,2020-03-27,2020-05-14,employee242,1,4
243,Phạm Văn Quang,2001-02-23,2024-08-22,2024-10-11,employee243,1,4
244,Phan Văn Bình,2005-08-03,2018-09-16,2019-02-19,employee244,6,9
245,Trần Văn Nam,2003-01-21,2021-12-20,2022-11-04,employee245,1,5
246,Đỗ Văn Tiến,2001-11-25,2017-03-02,2017-03-04,employee246,2,8
247,Phạm Văn Vinh,1998-10-07,2023-08-30,2023-10-03,employee247,3,15
248,Phan Văn Bình,1993-10-20,2015-08-09,2015-08-20,employee248,5,4
249,Trần Thị Hương,1985-01-09,2018-03-15,2018-06-09,employee249,3,4
250,Trần Văn Nam,1988-07-17,2021-04-26,2021-10-05,employee250,3,8
251,Lê Thị Quỳnh,1991-05-10,2019-04-07,2019-09-22,employee251,6,6
252,Đỗ Thị Lan,1985-10-19,2022-12-31,2023-11-17,employee252,6,7
253,Nguyễn Văn An,1982-10-01,2022-06-09,2023-04-12,employee253,2,7
254,Phạm Văn Quang,1992-09-28,2015-08-12,2015-08-27,employee254,3,7
255,Hoàng Thị Quỳnh,1999-02-09,2016-06-05,2017-04-24,employee255,4,11
256,Vũ Thị Thảo,1990-01-07,2010-07-30,2010-08-22,employee256,4,12
257,Trần Văn Tuấn,1987-11-15,2020-09-28,2021-01-16,employee257,3,11
258,Lê Minh Hoàng,1992-10-07,2011-01-13,2011-12-02,employee258,6,7
259,Đỗ Văn Việt,1992-06-20,2023-11-29,2024-05-02,employee259,2,4
260,Đặng Văn Dũng,1991-05-19,2023-01-23,2023-03-07,employee260,4,15
261,Bùi Thị Thu,1997-04-26,2020-12-21,2021-08-02,employee261,3,14
262,Phạm Văn Phúc,1981-11-28,2020-11-15,2021-06-02,employee262,4,3
263,Bùi Thị Hương,1995-02-06,2015-07-17,2016-02-06,employee263,2,12
264,Đỗ Văn Khánh,1988-09-19,2019-04-08,2019-06-13,employee264,5,14
265,Lê Thị Ngọc,1992-03-15,2021-02-12,2021-06-05,employee265,3,8
266,Vũ Văn Hiếu,1985-05-10,2023-10-12,2024-08-22,employee266,3,8
267,Hoàng Văn Đức,1998-08-28,2016-06-30,2016-10-12,employee267,4,4
268,Hoàng Văn Đức,1988-01-03,2011-11-12,2012-09-27,employee268,6,1
269,Phan Văn Sơn,1989-10-07,2013-10-22,2014-08-07,employee269,2,8
270,Vũ Văn Hiếu,1995-06-25,2010-03-27,2011-03-01,employee270,2,4
271,Phạm Văn Phúc,2002-01-26,2011-03-17,2012-02-03,employee271,6,11
272,Đặng Thị Mai,1996-08-20,2014-10-11,2015-03-23,employee272,4,10
273,Phạm Văn Sơn,1989-11-08,2013-05-18,2013-08-10,employee273,1,11
274,Hoàng Thị Quỳnh,1990-09-15,2013-10-31,2014-10-13,employee274,4,4
275,Đỗ Văn Việt,1991-07-23,2021-07-22,2021-07-24,employee275,2,15
276,Bùi Thị Thu,1986-08-24,2022-01-19,2022-02-21,employee276,4,11
277,Bùi Thị Thu,1983-01-01,2022-03-16,2022-05-18,employee277,4,3
278,Đặng Thị Mai,1993-11-05,2020-08-19,2021-02-13,employee278,3,6
279,Phạm Thị Dung,1989-11-26,2021-07-12,2021-07-23,employee279,4,12
280,Phạm Văn Phúc,1986-12-21,2021-06-16,2022-02-05,employee280,2,4
281,Lê Thị Ngọc,1996-03-13,2020-01-16,2020-10-30,employee281,5,2
282,Bùi Văn Hùng,1996-05-13,2015-07-09,2016-01-07,employee282,2,8
283,Đặng Văn Thắng,1999-06-02,2012-06-10,2012-10-25,employee283,2,1
284,Vũ Văn Lâm,2005-02-09,2010-10-26,2011-03-16,employee284,6,10
285,Phan Văn Thắng,1993-11-02,2013-09-03,2014-08-12,employee285,6,3
286,Hoàng Văn Hùng,1998-01-22,2024-01-04,2024-04-26,employee286,3,8
287,Phạm Thị Dung,1981-07-12,2015-04-14,2015-07-25,employee287,2,6
288,Phan Văn Sơn,2005-09-13,2021-03-15,2022-01-05,employee288,1,14
289,Đỗ Văn Việt,1989-12-26,2019-05-04,2019-12-31,employee289,4,1
290,Bùi Thị Thu,1996-05-29,2016-02-15,2016-12-22,employee290,2,12
291,Phan Thị Kim,1992-02-02,2016-03-21,2016-05-30,employee291,6,5
292,Bùi Thị Tuyết,1990-10-08,2016-04-29,2016-08-03,employee292,4,11
293,Bùi Thị Tuyết,1986-02-28,2013-08-23,2014-03-07,employee293,3,12
294,Đặng Văn Toàn,1994-04-08,2018-01-03,2018-06-18,employee294,5,5
295,Phan Văn Bình,1998-02-05,2013-07-01,2013-10-29,employee295,5,10
296,Bùi Văn Hùng,1982-06-06,2016-02-01,2016-07-16,employee296,2,11
297,Bùi Văn Minh,2001-01-16,2020-12-14,2021-06-05,employee297,3,10
298,Bùi Văn Hùng,1982-08-10,2010-10-17,2011-08-11,employee298,2,5
299,Trần Thị Bích,1988-10-02,2012-06-06,2012-09-27,employee299,5,7
300,Phạm Văn Phúc,1982-11-12,2024-08-02,2024-11-09,employee300,3,10
301,Nguyễn Thị Mai,1999-09-19,2011-06-28,2012-04-15,employee301,4,12
302,Nguyễn Thị Ngọc,1982-07-09,2013-04-18,2014-03-13,employee302,4,14
303,Nguyễn Thị Trang,1998-10-31,2022-03-23,2022-12-07,employee303,2,4
304,Nguyễn Văn An,1999-02-20,2010-11-05,2011-08-28,employee304,2,13
305,Lê Minh Hoàng,1987-02-19,2016-07-21,2016-07-24,employee305,2,4
306,Phạm Văn Vinh,2000-06-12,2012-10-21,2012-12-30,employee306,6,4
307,Nguyễn Văn Hải,2005-03-01,2017-12-08,2018-07-27,employee307,1,3
308,Hoàng Thị Thanh,2003-08-12,2022-08-15,2022-10-25,employee308,3,13
309,Phan Văn Bình,1996-01-29,2018-06-07,2018-07-26,employee309,5,2
310,Đặng Thị Mai,1981-09-05,2023-02-06,2023-06-29,employee310,5,7
311,Nguyễn Thị Trang,2000-11-23,2010-03-19,2010-07-23,employee311,2,14
312,Vũ Thị Thu,1990-11-30,2020-09-27,2020-10-04,employee312,6,15
313,Phạm Thị Dung,2005-01-07,2018-02-06,2018-11-23,employee313,5,8
314,Lê Minh Châu,1987-05-14,2011-02-09,2011-04-23,employee314,2,4
315,Đặng Văn Dũng,2004-05-17,2017-03-17,2017-07-04,employee315,6,7
316,Nguyễn Thị Mai,1996-05-25,2017-07-25,2017-10-06,employee316,5,4
317,Phan Thị Hạnh,1996-04-02,2022-08-02,2022-10-05,employee317,3,7
318,Trần Văn Tuấn,1995-01-20,2024-10-20,2024-12-02,employee318,3,3
319,Phạm Thị Hồng,1983-03-22,2018-05-03,2018-08-10,employee319,2,8
320,Phạm Thị Dung,1988-07-14,2019-04-01,2019-07-01,employee320,4,5
321,Vũ Văn Lâm,1991-09-11,2017-03-04,2017-11-27,employee321,5,5
322,Trần Thị Hương,1991-02-13,2021-03-11,2021-03-24,employee322,5,1
323,Hoàng Thị Quỳnh,1990-09-14,2012-09-14,2013-06-26,employee323,3,12
324,Phạm Thị Lan,1989-03-26,2016-11-21,2017-03-21,employee324,2,12
325,Phan Thị Lệ,2004-03-21,2022-11-09,2023-08-29,employee325,5,6
326,Nguyễn Thị Trang,2005-06-14,2020-05-27,2021-01-24,employee326,1,3
327,Hoàng Văn Đức,1989-11-03,2012-02-29,2012-11-07,employee327,5,5
328,Bùi Thị Tuyết,1993-08-04,2018-11-04,2019-06-16,employee328,5,3
329,Hoàng Thị Yến,1989-08-01,2011-02-22,2011-12-18,employee329,5,13
330,Nguyễn Thị Mai,2002-04-01,2020-04-09,2021-02-14,employee330,6,5
331,Lê Thị Quỳnh,2003-06-06,2021-10-07,2021-12-17,employee331,4,1
332,Vũ Thị Thảo,1982-03-28,2012-04-02,2012-04-22,employee332,3,14
333,Lê Thị Phương,2005-04-23,2020-01-19,2020-11-27,employee333,6,15
334,Phan Thị Kim,2002-03-10,2010-04-23,2010-10-16,employee334,5,1
335,Đỗ Văn Tiến,1983-10-04,2022-09-30,2023-02-14,employee335,2,9
336,Vũ Thị Cúc,1988-10-19,2019-10-29,2019-11-01,employee336,2,11
337,Lê Thị Ngọc,1992-07-05,2021-08-11,2022-01-19,employee337,3,14
338,Bùi Thị Tuyết,1987-09-13,2016-03-18,2016-05-16,employee338,1,9
339,Đặng Văn Dũng,1997-10-11,2019-03-28,2019-06-01,employee339,2,11
340,Bùi Văn Long,1981-05-17,2017-11-28,2018-06-13,employee340,1,7
341,Phan Văn Thịnh,1997-04-08,2017-10-05,2017-12-18,employee341,5,15
342,Phạm Văn Vinh,1984-04-17,2022-06-09,2022-09-08,employee342,1,3
343,Bùi Thị Tuyết,1984-08-27,2010-05-10,2011-03-28,employee343,4,1
344,Phạm Văn Phúc,1980-06-03,2023-10-19,2023-12-27,employee344,3,11
345,Trần Văn Nam,1987-11-07,2011-04-28,2012-02-24,employee345,2,9
346,Trần Văn Phong,2002-04-08,2013-08-10,2013-10-05,employee346,3,6
347,Hoàng Văn Đức,1982-05-21,2016-03-24,2016-05-10,employee347,3,6
348,Hoàng Văn Đức,2003-01-16,2017-08-23,2018-04-29,employee348,1,15
349,Hoàng Thị Quỳnh,1985-01-05,2023-04-18,2023-06-24,employee349,2,2
350,Đỗ Văn Tiến,1995-04-15,2017-10-26,2018-02-27,employee350,3,11
351,Đặng Văn Thắng,1990-01-04,2010-05-04,2010-06-02,employee351,6,3
352,Nguyễn Văn Hải,1989-06-06,2024-04-20,2024-12-16,employee352,5,13
353,Nguyễn Văn Hải,1989-03-16,2014-03-16,2014-11-13,employee353,1,5
354,Phan Thị Hạnh,2001-11-25,2017-09-25,2018-03-04,employee354,5,7
355,Đặng Thị Hoa,1999-04-25,2020-06-25,2021-02-24,employee355,6,15
356,Bùi Văn Minh,1996-12-28,2012-06-05,2012-07-29,employee356,6,5
357,Phạm Văn Quang,1989-10-26,2012-03-18,2012-11-07,employee357,5,13
358,Bùi Văn Hùng,1988-02-19,2022-10-23,2023-10-21,employee358,3,1
359,Trần Văn Tuấn,1995-11-13,2018-08-02,2019-01-26,employee359,2,7
360,Phan Văn Bình,1984-05-17,2012-04-29,2012-08-27,employee360,1,15
361,Trần Thị Cẩm,1996-10-22,2010-07-10,2011-04-22,employee361,1,6
362,Vũ Văn Hiếu,2004-01-02,2014-03-06,2014-12-18,employee362,3,12
363,Vũ Văn Lâm,1980-08-24,2023-11-05,2024-07-05,employee363,2,13
364,Hoàng Văn Hùng,2000-05-28,2016-07-29,2017-07-04,employee364,3,7
365,Nguyễn Thị Trang,2005-02-27,2022-09-23,2022-11-07,employee365,5,9
366,Phan Thị Hạnh,1996-12-23,2021-02-03,2021-05-31,employee366,4,9
367,Bùi Thị Hương,1992-06-27,2017-06-03,2017-12-23,employee367,1,7
368,Phan Thị Lệ,1998-02-19,2023-01-03,2023-02-28,employee368,3,1
369,Lê Minh Châu,1984-07-16,2021-01-03,2021-04-15,employee369,4,1
370,Phan Thị Lệ,2000-06-23,2017-06-01,2018-03-18,employee370,2,1
371,Đặng Văn Thắng,1995-01-03,2023-02-05,2023-03-15,employee371,3,13
372,Đỗ Văn Khánh,1993-08-27,2013-04-24,2014-04-17,employee372,5,2
373,Đặng Thị Mai,2005-03-28,2023-11-09,2024-08-05,employee373,2,15
374,Phạm Văn Phúc,1983-08-02,2014-01-22,2014-04-30,employee374,2,13
375,Bùi Thị Hương,1990-01-17,2018-12-29,2019-10-26,employee375,6,4
376,Phạm Thị Dung,1981-08-14,2017-02-04,2017-06-10,employee376,6,6
377,Phạm Thị Lan,1992-05-21,2024-07-10,2025-06-15,employee377,2,6
378,Đỗ Văn Tiến,1980-02-05,2010-12-12,2011-01-17,employee378,6,5
379,Đặng Văn Thắng,1992-10-20,2018-04-05,2019-03-19,employee379,5,8
380,Nguyễn Thị Mai,1983-11-06,2015-01-04,2015-10-13,employee380,6,9
381,Nguyễn Thị Trang,1987-07-29,2023-07-20,2024-03-23,employee381,6,5
382,Hoàng Thị Quỳnh,2002-03-31,2013-10-08,2013-12-20,employee382,1,11
383,Đặng Văn Dũng,2000-06-08,2014-11-03,2015-05-05,employee383,5,13
384,Trần Thị Bích,1983-11-22,2019-04-19,2020-01-22,employee384,3,3
385,Phạm Văn Quang,1987-07-28,2012-11-15,2013-03-25,employee385,1,15
386,Nguyễn Thị Trang,1996-07-15,2018-08-22,2019-04-18,employee386,1,13
387,Nguyễn Thị Ngọc,1993-03-26,2021-07-28,2022-06-20,employee387,5,7
388,Phạm Thị Lan,1995-11-30,2018-02-06,2018-07-04,employee388,5,1
389,Đỗ Văn Khánh,1999-11-23,2014-06-16,2015-06-13,employee389,6,13
390,Phạm Thị Lan,1995-04-18,2012-05-11,2013-01-17,employee390,5,10
391,Nguyễn Thị Trang,1990-04-03,2010-02-14,2010-11-15,employee391,4,10
392,Phan Văn Bình,1992-06-02,2013-09-24,2014-04-30,employee392,6,14
393,Phan Văn Bình,1991-05-23,2019-08-08,2019-11-05,employee393,5,3
394,Trần Thị Cẩm,1991-04-03,2010-10-12,2011-08-13,employee394,4,12
395,Lê Minh Hoàng,1988-05-16,2011-01-26,2011-05-13,employee395,4,14
396,Trần Thị Bích,2002-01-04,2016-03-24,2016-04-05,employee396,5,4
397,Bùi Văn Minh,1999-01-13,2015-11-25,2016-04-27,employee397,4,15
398,Trần Thị Bích,1981-09-21,2013-07-11,2013-11-04,employee398,5,1
399,Hoàng Văn Đức,1998-05-12,2016-10-02,2017-02-16,employee399,4,6
400,Bùi Văn Hùng,1998-01-28,2010-09-18,2011-05-17,employee400,5,8
401,Đỗ Thị Minh,1985-08-28,2013-12-01,2014-10-12,employee401,6,10
402,Nguyễn Thị Ngọc,1984-07-05,2018-04-04,2018-10-08,employee402,1,1
403,Đặng Thị Hoa,1981-01-14,2024-05-23,2024-06-16,employee403,6,8
404,Nguyễn Thị Ngọc,2004-11-25,2019-08-22,2020-07-23,employee404,5,7
405,Đặng Thị Liên,1991-06-09,2024-02-15,2024-08-02,employee405,2,12
406,Bùi Văn Hùng,1996-01-27,2015-11-06,2015-12-01,employee406,2,4
407,Vũ Văn Lâm,1997-05-16,2017-05-17,2017-08-21,employee407,5,13
408,Lê Minh Đạt,1986-11-22,2010-12-18,2011-02-03,employee408,2,3
409,Vũ Văn Hiếu,2003-08-01,2018-03-01,2019-02-23,employee409,3,8
410,Bùi Thị Tuyết,1985-10-01,2020-07-16,2020-09-01,employee410,6,14
411,Hoàng Thị Yến,2005-03-11,2013-04-07,2013-07-14,employee411,4,13
412,Trần Thị Cẩm,1993-11-10,2010-12-22,2011-03-19,employee412,1,13
413,Bùi Thị Hương,1996-04-19,2020-10-22,2020-10-23,employee413,3,13
414,Bùi Thị Tuyết,1982-02-04,2010-07-12,2010-10-27,employee414,6,3
415,Đỗ Văn Việt,1994-09-07,2024-10-16,2025-06-10,employee415,4,2
416,Phan Thị Hạnh,1999-01-29,2015-07-19,2015-12-16,employee416,5,10
417,Lê Thị Vân,1998-02-04,2016-02-25,2017-01-13,employee417,1,4
418,Trần Thị Bích,1986-10-04,2016-12-24,2017-04-17,employee418,4,11
419,Bùi Văn Hùng,1989-08-24,2020-05-31,2020-12-04,employee419,5,9
420,Bùi Văn Minh,1984-08-23,2011-04-25,2011-09-29,employee420,1,8
421,Nguyễn Văn An,1984-09-05,2011-05-17,2011-10-27,employee421,4,8
422,Nguyễn Văn An,1983-09-08,2018-07-12,2018-12-07,employee422,6,5
423,Bùi Văn Hùng,1986-06-10,2018-10-25,2019-05-10,employee423,3,13
424,Đỗ Văn Việt,2000-10-24,2019-06-24,2020-05-02,employee424,6,7
425,Trần Văn Nam,1981-06-02,2011-02-15,2011-07-01,employee425,3,8
426,Phan Văn Sơn,1999-08-03,2016-11-04,2017-01-13,employee426,6,6
427,Phan Văn Bình,1994-09-14,2015-06-01,2016-02-07,employee427,2,3
428,Bùi Văn Minh,1983-09-21,2017-05-11,2017-10-15,employee428,6,10
429,Vũ Văn Lâm,2000-12-31,2024-05-14,2024-09-07,employee429,4,1
430,Trần Văn Nam,1985-11-29,2019-04-22,2020-03-20,employee430,4,4
431,Bùi Thị Thu,1991-01-13,2011-06-19,2012-05-18,employee431,4,13
432,Phạm Văn Vinh,1984-10-03,2022-09-15,2022-10-10,employee432,5,15
433,Phạm Thị Dung,1998-07-31,2024-03-20,2024-04-26,employee433,4,12
434,Đặng Văn Thắng,1986-03-13,2017-02-16,2017-07-29,employee434,2,7
435,Nguyễn Thị Mai,2000-11-27,2010-03-12,2010-05-08,employee435,6,5
436,Đặng Văn Dũng,1993-06-14,2021-10-05,2022-01-25,employee436,3,9
437,Phạm Văn Quang,1987-10-10,2015-07-02,2016-01-11,employee437,3,11
438,Phan Thị Hạnh,1986-06-16,2022-03-03,2022-08-09,employee438,3,10
439,Trần Thị Bích,2002-03-21,2020-06-28,2021-04-20,employee439,1,1
440,Bùi Văn Long,2003-07-25,2010-08-20,2011-04-08,employee440,2,6
441,Hoàng Văn Lâm,2000-11-04,2012-05-04,2013-01-04,employee441,5,4
442,Hoàng Thị Yến,1994-03-30,2018-07-13,2019-03-17,employee442,4,4
443,Phạm Thị Hồng,1980-01-05,2012-11-20,2013-11-06,employee443,3,12
444,Vũ Văn Hiếu,1998-11-17,2024-09-11,2025-07-06,employee444,4,11
445,Bùi Thị Hương,1984-08-03,2024-01-30,2024-06-01,employee445,5,14
446,Vũ Văn Hiếu,2004-08-04,2015-07-10,2016-03-28,employee446,4,2
447,Trần Văn Nam,1998-04-13,2019-02-13,2019-04-20,employee447,1,7
448,Nguyễn Văn An,1995-07-04,2024-05-03,2025-04-13,employee448,5,14
449,Đỗ Văn Tiến,1998-11-04,2015-05-20,2015-05-28,employee449,1,3
450,Bùi Văn Minh,2002-01-31,2020-08-11,2021-05-23,employee450,1,4
451,Lê Thị Vân,1986-03-21,2019-08-13,2020-06-12,employee451,2,4
452,Nguyễn Văn Bình,1983-11-27,2016-11-02,2017-02-14,employee452,4,10
453,Bùi Thị Thu,1980-01-30,2023-08-13,2023-10-21,employee453,5,6
454,Bùi Văn Long,2004-09-05,2023-07-25,2023-09-06,employee454,1,14
455,Phan Văn Sơn,2000-11-11,2017-05-01,2017-08-10,employee455,5,5
456,Vũ Thị Cúc,2000-05-11,2015-02-09,2015-10-12,employee456,6,7
457,Trần Thị Bích,1988-10-24,2012-01-02,2012-07-27,employee457,3,3
458,Trần Văn Tuấn,1981-08-18,2018-04-19,2018-08-31,employee458,2,3
459,Phan Thị Kim,1993-02-17,2014-12-06,2015-02-12,employee459,2,2
460,Đặng Thị Hoa,2000-05-30,2019-03-18,2019-12-17,employee460,4,6
461,Đặng Văn Thắng,2000-09-19,2016-09-29,2016-12-05,employee461,3,14
462,Nguyễn Thị Mai,1992-01-30,2013-04-14,2014-02-25,employee462,5,6
463,Đặng Văn Dũng,1999-01-26,2010-08-22,2011-08-06,employee463,3,8
464,Phan Thị Kim,1985-03-01,2022-06-04,2022-12-10,employee464,3,2
465,Đỗ Thị Lan,1993-04-02,2021-03-21,2021-05-08,employee465,5,12
466,Vũ Văn Long,1990-10-30,2022-12-30,2023-05-23,employee466,6,5
467,Hoàng Thị Thanh,2000-03-06,2019-08-20,2019-11-15,employee467,5,3
468,Trần Văn Phong,1988-02-01,2024-09-18,2025-03-18,employee468,2,13
469,Bùi Thị Tuyết,1989-07-12,2015-03-31,2016-03-05,employee469,1,4
470,Bùi Thị Tuyết,1991-06-06,2010-11-03,2011-01-20,employee470,2,10
471,Vũ Văn Hiếu,1988-05-15,2021-08-09,2021-08-26,employee471,5,1
472,Trần Thị Bích,1998-11-27,2022-05-25,2023-04-12,employee472,1,11
473,Hoàng Thị Yến,1990-09-26,2020-08-08,2021-02-01,employee473,5,13
474,Đỗ Văn Việt,2002-06-02,2016-09-30,2016-11-25,employee474,4,5
475,Nguyễn Văn An,1980-10-06,2016-11-22,2017-02-07,employee475,5,9
476,Vũ Thị Thanh,1983-03-09,2021-01-29,2021-09-19,employee476,2,1
477,Trần Văn Phúc,1992-11-18,2015-02-25,2015-09-16,employee477,2,6
478,Trần Thị Bích,2001-05-13,2022-08-08,2023-04-10,employee478,5,14
479,Đỗ Văn Tiến,1983-10-03,2022-08-26,2023-04-15,employee479,1,7
480,Đặng Văn Dũng,1994-08-30,2022-10-02,2022-11-14,employee480,3,3
481,Lê Thị Quỳnh,1996-05-21,2010-06-18,2010-08-07,employee481,3,15
482,Bùi Thị Thu,2003-12-26,2017-05-07,2017-06-27,employee482,3,4
483,Đỗ Thị Lan,1986-03-24,2018-02-01,2019-01-25,employee483,5,8
484,Phan Thị Lệ,1982-09-22,2010-05-31,2010-12-08,employee484,6,14
485,Đặng Thị Mai,2000-10-22,2016-02-10,2016-04-24,employee485,2,11
486,Trần Văn Nam,2003-11-05,2012-04-14,2012-07-23,employee486,4,3
487,Lê Minh Châu,1982-12-26,2017-03-31,2017-10-03,employee487,5,7
488,Hoàng Thị Thanh,1985-09-26,2019-08-09,2019-09-14,employee488,1,1
489,Vũ Thị Thanh,1993-01-30,2011-05-28,2012-03-31,employee489,5,8
490,Phạm Thị Lan,1995-07-17,2013-02-26,2013-08-04,employee490,1,8
491,Phan Văn Thắng,2002-12-04,2024-01-20,2024-06-24,employee491,2,15
492,Nguyễn Văn Bình,1996-10-14,2016-07-27,2017-05-03,employee492,2,3
493,Hoàng Văn Lâm,1987-08-12,2021-06-15,2021-10-02,employee493,2,8
494,Đặng Văn Thắng,1993-05-18,2010-07-22,2011-03-26,employee494,1,15
495,Phạm Thị Dung,1992-05-17,2014-12-21,2015-11-26,employee495,4,1
496,Hoàng Văn Hùng,2001-02-08,2021-11-29,2022-04-21,employee496,6,4
497,Trần Thị Hương,1999-10-20,2020-06-16,2020-10-24,employee497,2,6
498,Bùi Văn Long,2005-01-30,2023-09-10,2024-07-02,employee498,2,8
499,Đặng Thị Liên,2002-08-20,2012-04-05,2012-05-11,employee499,3,7
500,Phạm Thị Hồng,2004-05-24,2010-04-11,2011-01-16,employee500,4,4
501,Lê Thị Ngọc,1985-12-20,2020-11-30,2021-04-21,employee501,6,4
502,Hoàng Thị Thanh,1988-02-06,2015-08-14,2016-02-23,employee502,3,1
503,Bùi Thị Thu,1994-06-23,2015-11-16,2016-03-21,employee503,1,14
504,Đặng Văn Toàn,1981-08-11,2015-07-21,2015-10-06,employee504,2,9
505,Phan Thị Hạnh,1992-08-19,2017-12-27,2018-11-23,employee505,2,6
506,Bùi Thị Tuyết,1988-07-19,2020-06-05,2020-09-13,employee506,1,7
507,Đặng Văn Toàn,1996-08-04,2019-01-20,2019-01-28,employee507,2,9
508,Đỗ Văn Tiến,1999-03-30,2021-02-18,2021-10-01,employee508,2,9
509,Bùi Thị Hương,1995-01-15,2012-12-09,2013-01-20,employee509,1,7
510,Đặng Thị Hoa,1983-09-19,2017-12-22,2018-03-05,employee510,4,6
511,Phạm Thị Dung,1986-01-14,2010-09-21,2011-04-06,employee511,6,7
512,Phạm Văn Quang,1986-09-26,2016-04-26,2016-10-04,employee512,6,9
513,Bùi Văn Long,2005-03-19,2014-08-31,2014-11-10,employee513,2,6
514,Bùi Thị Thu,2004-03-01,2016-09-10,2017-01-23,employee514,4,5
515,Nguyễn Văn Hải,1987-02-21,2017-07-23,2018-03-29,employee515,5,7
516,Phạm Thị Hồng,1999-08-11,2012-10-11,2013-06-16,employee516,3,6
517,Nguyễn Thị Ngọc,1997-03-16,2023-05-23,2023-08-06,employee517,6,12
518,Đặng Văn Toàn,1993-11-28,2018-01-30,2018-07-07,employee518,4,11
519,Bùi Văn Hùng,1987-06-16,2013-12-13,2014-09-14,employee519,6,8
520,Lê Minh Châu,1997-09-27,2018-04-07,2018-10-31,employee520,1,11
521,Đặng Thị Mai,1990-09-14,2010-10-30,2011-04-18,employee521,3,7
522,Lê Thị Ngọc,1986-01-15,2010-11-14,2011-08-23,employee522,4,2
523,Phan Thị Hạnh,1980-07-31,2011-11-19,2012-11-06,employee523,6,15
524,Trần Văn Tuấn,1995-12-27,2020-10-27,2021-05-24,employee524,6,6
525,Nguyễn Văn An,1986-11-03,2011-07-29,2011-10-08,employee525,5,14
526,Đỗ Văn Khánh,1996-06-06,2010-05-06,2010-11-20,employee526,4,14
527,Vũ Thị Thảo,1997-02-19,2013-02-27,2013-07-08,employee527,1,10
528,Bùi Văn Hùng,1999-11-28,2010-05-27,2010-12-14,employee528,4,8
529,Phạm Thị Dung,2002-11-03,2018-03-09,2018-10-29,employee529,5,5
530,Lê Thị Ngọc,1996-01-08,2010-05-14,2010-06-13,employee530,5,6
531,Lê Minh Châu,1985-05-19,2019-05-11,2020-03-23,employee531,5,8
532,Vũ Thị Thu,2004-02-01,2020-01-14,2020-10-29,employee532,4,3
533,Lê Minh Đạt,1990-10-27,2014-02-01,2014-03-08,employee533,4,15
534,Lê Thị Phương,1994-08-20,2019-04-21,2019-11-13,employee534,4,3
535,Đặng Văn Dũng,1996-09-09,2016-07-19,2017-02-26,employee535,1,9
536,Trần Thị Bích,1991-07-07,2015-11-30,2016-05-26,employee536,1,2
537,Trần Văn Nam,2005-11-23,2021-05-22,2022-01-30,employee537,2,11
538,Lê Thị Vân,1988-12-16,2013-06-09,2013-06-16,employee538,1,3
539,Phạm Văn Vinh,1989-11-22,2016-10-14,2017-03-12,employee539,6,15
540,Trần Văn Phong,1983-04-05,2010-05-19,2010-08-25,employee540,4,10
541,Nguyễn Văn An,2003-07-17,2020-04-03,2021-01-04,employee541,6,7
542,Phan Thị Hạnh,2005-03-17,2011-07-07,2012-04-04,employee542,1,12
543,Vũ Thị Thanh,2004-02-12,2020-03-29,2020-05-06,employee543,5,9
544,Trần Văn Tuấn,1988-01-18,2014-01-18,2014-11-10,employee544,5,9
545,Lê Minh Châu,2003-10-10,2022-06-12,2022-10-11,employee545,3,5
546,Bùi Văn Minh,1993-03-09,2010-11-24,2011-08-04,employee546,1,15
547,Vũ Thị Thảo,1983-04-07,2016-03-27,2016-06-07,employee547,2,5
548,Phan Văn Thịnh,1998-03-25,2022-03-08,2022-10-12,employee548,3,3
549,Phan Văn Bình,2003-12-27,2018-01-01,2018-01-13,employee549,4,8
550,Vũ Văn Long,1989-02-16,2020-07-09,2021-03-06,employee550,4,9
551,Đỗ Văn Việt,1990-06-02,2016-09-22,2017-05-16,employee551,5,14
552,Đặng Văn Dũng,2005-02-08,2021-01-20,2021-09-03,employee552,1,15
553,Vũ Thị Thanh,1997-05-13,2023-04-29,2023-12-19,employee553,4,7
554,Bùi Thị Hương,1987-05-03,2021-10-16,2022-09-28,employee554,6,5
555,Phan Văn Sơn,1993-11-02,2013-10-20,2014-04-12,employee555,2,2
556,Trần Thị Bích,1999-08-03,2024-06-02,2024-11-05,employee556,2,12
557,Đỗ Văn Việt,1995-04-09,2011-04-08,2011-10-20,employee557,3,12
558,Phạm Thị Lan,2000-04-05,2017-07-22,2017-09-19,employee558,2,2
559,Hoàng Thị Thanh,1997-11-01,2016-10-16,2017-03-10,employee559,2,10
560,Đặng Thị Liên,1981-10-08,2012-10-29,2013-07-03,employee560,1,1
561,Đỗ Văn Việt,1986-05-13,2022-07-03,2023-03-07,employee561,6,1
562,Hoàng Văn Đức,2002-02-26,2015-03-03,2015-12-10,employee562,6,7
563,Phạm Thị Dung,1998-01-30,2016-07-09,2017-04-26,employee563,2,1
564,Phạm Văn Quang,1989-06-20,2011-03-26,2011-05-12,employee564,4,12
565,Bùi Văn Hùng,1995-04-19,2023-11-28,2024-04-23,employee565,1,9
566,Nguyễn Thị Trang,1994-01-23,2014-04-17,2014-07-13,employee566,6,14
567,Bùi Thị Hương,1996-11-07,2013-09-19,2014-01-30,employee567,2,2
568,Đỗ Thị Nga,1982-06-28,2012-01-09,2012-02-21,employee568,4,5
569,Bùi Văn Hùng,1987-01-07,2020-03-27,2020-09-14,employee569,6,14
570,Đặng Văn Thắng,2000-07-02,2015-07-06,2016-04-08,employee570,4,4
571,Đặng Thị Hoa,1990-01-04,2013-10-24,2014-05-17,employee571,5,5
572,Đỗ Thị Nga,1990-12-04,2020-08-15,2021-06-16,employee572,2,8
573,Lê Minh Châu,1987-07-01,2015-05-20,2016-02-08,employee573,3,4
574,Đặng Thị Hoa,1981-10-16,2020-02-12,2021-01-01,employee574,2,14
575,Đặng Văn Dũng,1995-05-24,2013-03-21,2013-06-01,employee575,1,15
576,Hoàng Thị Quỳnh,2001-03-31,2012-10-26,2013-03-17,employee576,1,14
577,Đỗ Thị Lan,1993-11-26,2010-08-26,2010-10-18,employee577,6,1
578,Hoàng Văn Hùng,1980-02-10,2016-05-05,2016-08-18,employee578,4,2
579,Nguyễn Văn An,1989-06-20,2018-04-24,2018-05-24,employee579,4,2
580,Phạm Văn Vinh,1980-08-22,2010-12-14,2011-12-09,employee580,6,5
581,Lê Minh Châu,1999-09-28,2014-08-19,2014-11-18,employee581,4,8
582,Phạm Văn Vinh,1991-01-30,2014-10-05,2015-05-08,employee582,1,7
583,Đặng Văn Dũng,2005-08-03,2021-12-18,2022-08-15,employee583,5,14
584,Đặng Văn Thắng,2004-11-23,2021-12-09,2022-08-14,employee584,2,9
585,Trần Văn Tuấn,1992-02-11,2010-09-29,2011-07-03,employee585,2,13
586,Lê Minh Đạt,2004-07-21,2010-07-20,2010-09-13,employee586,4,3
587,Phạm Văn Vinh,1997-12-11,2012-12-25,2013-09-05,employee587,3,5
588,Phan Thị Hạnh,1990-12-03,2022-03-24,2022-06-11,employee588,4,2
589,Phạm Thị Lan,1997-09-22,2022-05-13,2023-03-21,employee589,2,7
590,Trần Thị Hương,1990-03-27,2018-03-10,2018-10-09,employee590,5,4
591,Lê Thị Ngọc,1983-08-13,2019-08-15,2020-07-21,employee591,4,1
592,Vũ Thị Thanh,1999-02-27,2020-10-22,2021-09-11,employee592,4,3
593,Nguyễn Văn An,1989-07-01,2013-03-04,2013-08-26,employee593,6,2
594,Đỗ Văn Khánh,1991-06-28,2014-04-04,2015-02-01,employee594,2,13
595,Bùi Thị Thu,1999-12-10,2016-11-28,2017-02-04,employee595,5,14
596,Đặng Văn Thắng,1984-03-29,2015-05-28,2015-08-05,employee596,5,8
597,Đặng Văn Toàn,1988-08-29,2014-11-10,2015-10-20,employee597,5,9
598,Đặng Văn Dũng,1981-07-31,2022-07-24,2023-04-23,employee598,3,5
599,Nguyễn Thị Ngân,1993-04-07,2014-11-14,2015-03-01,employee599,3,8
600,Đỗ Văn Khánh,1996-01-24,2014-06-09,2015-05-06,employee600,4,5
601,Hoàng Thị Quỳnh,1982-06-13,2020-12-06,2021-01-27,employee601,3,12
602,Phạm Văn Sơn,2005-06-15,2021-01-06,2021-01-23,employee602,3,13
603,Hoàng Thị Thanh,1997-09-06,2021-11-08,2022-03-28,employee603,2,15
604,Hoàng Văn Đức,1985-11-02,2016-06-30,2017-06-07,employee604,1,3
605,Nguyễn Thị Ngọc,2000-06-24,2014-06-13,2015-06-03,employee605,2,9
606,Phạm Văn Vinh,1993-10-26,2010-12-08,2011-03-03,employee606,4,3
607,Đặng Thị Hoa,1986-05-05,2013-01-13,2013-03-06,employee607,1,13
608,Đặng Thị Liên,1987-09-12,2021-03-24,2021-06-26,employee608,2,4
609,Nguyễn Thị Ngân,2002-02-15,2024-06-10,2025-01-15,employee609,4,13
610,Phạm Văn Phúc,1999-08-20,2016-04-19,2017-02-15,employee610,3,13
611,Phan Văn Sơn,1988-05-27,2018-06-09,2018-08-22,employee611,4,3
612,Phan Văn Thắng,1988-10-31,2018-07-31,2018-11-22,employee612,2,3
613,Phan Văn Thắng,1991-07-31,2024-01-24,2024-12-10,employee613,2,15
614,Đặng Thị Liên,1993-06-07,2013-09-27,2013-11-26,employee614,6,5
615,Phan Thị Hạnh,1993-11-15,2020-06-30,2021-02-04,employee615,2,10
616,Phạm Văn Vinh,2005-04-03,2010-11-08,2011-06-11,employee616,3,12
617,Vũ Thị Thảo,1991-05-03,2016-11-06,2016-12-31,employee617,6,9
618,Vũ Thị Cúc,2005-02-06,2018-10-12,2019-07-29,employee618,3,3
619,Phan Văn Bình,1997-04-02,2016-09-03,2017-07-24,employee619,5,4
620,Hoàng Thị Quỳnh,1989-02-22,2017-02-26,2017-04-22,employee620,5,1
621,Đặng Thị Hoa,2003-01-06,2014-01-21,2014-06-09,employee621,3,9
622,Đặng Văn Toàn,2001-05-19,2024-10-21,2025-10-11,employee622,2,15
623,Nguyễn Thị Trang,1991-06-08,2023-07-23,2024-05-17,employee623,6,14
624,Trần Thị Bích,1989-07-26,2020-07-16,2021-02-05,employee624,5,14
625,Nguyễn Văn Bình,1994-05-18,2011-11-29,2012-05-07,employee625,1,11
626,Đỗ Thị Lan,1991-10-01,2016-07-03,2016-10-05,employee626,5,4
627,Lê Minh Đạt,1980-03-10,2023-05-25,2023-09-15,employee627,5,13
628,Phan Thị Hạnh,1989-01-27,2020-09-16,2020-10-01,employee628,2,6
629,Bùi Văn Hùng,2003-09-09,2013-09-10,2014-04-16,employee629,4,11
630,Nguyễn Thị Trang,1997-12-06,2022-11-30,2023-11-22,employee630,5,13
631,Phan Thị Kim,1990-11-29,2020-03-24,2020-03-30,employee631,3,8
632,Bùi Văn Hùng,2000-12-25,2016-05-07,2016-09-11,employee632,1,13
633,Lê Minh Hoàng,2004-09-24,2017-10-08,2018-01-12,employee633,4,2
634,Lê Thị Quỳnh,1988-02-28,2019-04-09,2019-09-04,employee634,3,13
635,Trần Thị Bích,1984-05-11,2018-07-10,2018-11-04,employee635,3,11
636,Bùi Thị Hương,2004-11-21,2011-10-14,2012-03-25,employee636,1,2
637,Đỗ Thị Minh,2001-09-30,2021-07-03,2021-09-02,employee637,1,13
638,Đỗ Thị Minh,2003-04-12,2017-08-10,2017-08-29,employee638,5,14
639,Phan Văn Thịnh,1992-01-26,2011-08-09,2012-06-21,employee639,4,11
640,Đặng Thị Mai,1989-04-22,2024-06-15,2025-01-01,employee640,2,7
641,Phạm Thị Dung,1985-09-30,2013-08-26,2013-09-12,employee641,5,5
642,Vũ Thị Thanh,1983-12-10,2020-04-26,2020-08-03,employee642,1,12
643,Đặng Văn Dũng,2005-10-23,2016-08-08,2016-08-29,employee643,2,14
644,Lê Thị Vân,1986-09-18,2019-11-07,2020-06-30,employee644,6,10
645,Phan Thị Kim,2005-12-07,2011-09-20,2011-10-13,employee645,3,11
646,Phan Văn Bình,2003-07-20,2018-10-15,2018-12-02,employee646,4,7
647,Đặng Thị Hoa,2004-06-29,2013-09-18,2014-01-02,employee647,4,5
648,Nguyễn Thị Ngọc,1996-11-05,2011-04-17,2011-10-04,employee648,6,12
649,Phan Thị Hạnh,1993-09-11,2010-10-09,2011-04-06,employee649,1,4
650,Nguyễn Văn An,1998-05-08,2020-01-20,2020-04-20,employee650,3,12
651,Đặng Thị Hoa,1997-07-18,2020-06-17,2020-07-14,employee651,1,5
652,Đặng Văn Thắng,1986-02-20,2016-04-05,2016-08-20,employee652,6,13
653,Hoàng Văn Đức,2004-03-21,2022-03-18,2022-04-25,employee653,2,15
654,Trần Văn Phong,1984-08-13,2010-11-30,2011-02-27,employee654,4,15
655,Đỗ Thị Nga,1991-07-10,2010-04-06,2011-01-19,employee655,3,1
656,Trần Thị Bích,1980-05-05,2017-08-10,2018-07-28,employee656,5,11
657,Nguyễn Văn Bình,1998-02-24,2023-01-12,2023-12-19,employee657,5,10
658,Đỗ Văn Tiến,1982-02-15,2010-04-17,2010-07-22,employee658,1,2
659,Hoàng Thị Quỳnh,1992-05-10,2012-08-31,2012-11-04,employee659,3,5
660,Phạm Văn Vinh,1995-02-18,2015-04-06,2016-03-19,employee660,1,3
661,Phạm Văn Phúc,1981-06-21,2021-06-01,2022-02-22,employee661,3,15
662,Hoàng Thị Yến,1993-05-30,2014-05-04,2014-09-21,employee662,6,7
663,Vũ Văn Long,1983-01-05,2024-04-20,2024-06-18,employee663,5,2
664,Đặng Văn Dũng,1995-04-12,2019-11-01,2020-03-24,employee664,1,6
665,Trần Thị Cẩm,1986-11-28,2017-06-26,2017-08-11,employee665,1,9
666,Vũ Văn Long,1996-09-17,2014-06-12,2014-06-16,employee666,5,8
667,Nguyễn Văn Bình,2000-10-13,2011-06-30,2012-04-13,employee667,4,14
668,Vũ Văn Hiếu,1989-03-15,2013-02-13,2014-01-17,employee668,6,5
669,Bùi Văn Hùng,1993-10-26,2018-07-08,2019-05-25,employee669,6,7
670,Vũ Văn Lâm,1987-02-26,2021-05-23,2021-06-14,employee670,6,6
671,Bùi Văn Long,1980-10-25,2023-09-21,2024-08-24,employee671,1,6
672,Phạm Văn Vinh,1992-06-26,2019-08-10,2020-07-25,employee672,1,6
673,Lê Minh Châu,1997-02-07,2013-02-19,2013-10-15,employee673,5,1
674,Phan Văn Sơn,2002-06-25,2017-11-03,2017-12-28,employee674,5,15
675,Đặng Văn Dũng,2004-04-02,2017-07-21,2018-04-20,employee675,6,13
676,Phan Văn Thịnh,2000-03-12,2020-07-06,2020-12-18,employee676,1,6
677,Trần Thị Bích,1986-03-02,2013-12-23,2014-01-19,employee677,5,8
678,Đỗ Văn Việt,1996-01-25,2013-02-24,2013-09-11,employee678,3,4
679,Đỗ Văn Tiến,1981-11-09,2012-04-05,2012-11-04,employee679,5,10
680,Phan Văn Thịnh,1995-08-29,2013-08-12,2014-06-08,employee680,1,4
681,Đỗ Văn Khánh,1985-10-01,2021-07-22,2022-01-14,employee681,4,4
682,Lê Thị Ngọc,2001-06-25,2015-11-05,2016-04-30,employee682,1,4
683,Phan Thị Kim,1993-06-18,2010-12-25,2011-10-21,employee683,1,11
684,Phan Văn Thắng,1980-02-07,2010-03-28,2010-06-11,employee684,1,5
685,Phạm Thị Dung,1988-04-28,2011-05-15,2012-02-21,employee685,5,5
686,Vũ Thị Thanh,1998-04-16,2020-05-26,2021-01-24,employee686,6,13
687,Vũ Thị Thanh,2001-07-05,2015-06-18,2015-08-25,employee687,6,11
688,Nguyễn Thị Mai,1997-04-19,2015-01-13,2015-03-11,employee688,3,15
689,Phan Thị Lệ,1987-04-07,2011-05-24,2011-08-13,employee689,2,7
690,Bùi Thị Thu,1990-07-21,2015-11-27,2016-07-18,employee690,2,14
691,Trần Văn Phúc,1985-05-16,2015-09-02,2016-08-04,employee691,5,10
692,Lê Minh Hoàng,1993-12-31,2022-08-01,2022-08-03,employee692,1,9
693,Nguyễn Thị Mai,2002-03-26,2024-02-19,2024-12-13,employee693,3,6
694,Bùi Thị Thu,1996-03-19,2011-04-22,2011-06-25,employee694,6,4
695,Phạm Văn Vinh,2004-01-02,2024-01-26,2024-06-15,employee695,6,10
696,Trần Văn Nam,1983-10-29,2015-11-30,2016-05-30,employee696,2,8
697,Trần Thị Cẩm,1995-01-25,2010-03-01,2010-03-23,employee697,5,2
698,Đặng Văn Dũng,1999-08-25,2010-12-26,2011-03-18,employee698,1,6
699,Phan Văn Bình,1995-01-24,2024-04-03,2025-02-05,employee699,1,4
700,Trần Văn Phong,2001-04-01,2019-10-22,2020-08-01,employee700,2,13
701,Phan Văn Thịnh,1998-03-09,2022-01-28,2022-07-12,employee701,5,8
702,Phạm Thị Dung,1988-08-31,2017-09-03,2018-07-24,employee702,2,8
703,Nguyễn Thị Trang,1991-09-05,2017-11-28,2018-02-20,employee703,4,4
704,Hoàng Thị Yến,1997-12-24,2022-11-01,2023-06-19,employee704,4,10
705,Nguyễn Thị Trang,1996-05-14,2023-01-08,2023-04-25,employee705,1,7
706,Vũ Văn Hiếu,1980-02-25,2012-03-02,2012-03-10,employee706,3,15
707,Vũ Thị Thanh,1990-04-16,2018-01-22,2018-07-07,employee707,4,6
708,Hoàng Thị Quỳnh,1997-05-12,2019-07-28,2019-10-05,employee708,3,13
709,Bùi Thị Tuyết,1996-10-28,2013-07-04,2014-04-13,employee709,4,13
710,Vũ Thị Cúc,2000-06-02,2018-03-08,2019-02-21,employee710,5,5
711,Phạm Văn Phúc,2000-06-21,2024-08-31,2024-09-16,employee711,4,7
712,Đặng Thị Mai,1988-03-09,2017-03-03,2017-11-16,employee712,5,7
713,Lê Thị Ngọc,2001-10-21,2011-05-24,2012-05-23,employee713,4,3
714,Phạm Văn Phúc,1987-05-03,2010-10-13,2011-02-09,employee714,5,14
715,Phạm Văn Phúc,1983-09-04,2018-07-08,2019-03-03,employee715,2,1
716,Hoàng Thị Thanh,1988-09-16,2017-01-11,2018-01-07,employee716,4,2
717,Vũ Văn Hiếu,2001-03-08,2010-05-10,2011-02-07,employee717,1,7
718,Phan Văn Thịnh,2003-04-29,2023-05-19,2023-05-24,employee718,1,2
719,Phạm Văn Quang,1986-05-10,2024-04-24,2025-01-05,employee719,4,13
720,Nguyễn Thị Mai,1988-08-15,2024-03-06,2024-09-20,employee720,5,8
721,Trần Thị Bích,1997-10-23,2018-05-08,2019-03-03,employee721,4,6
722,Phạm Thị Dung,2002-03-16,2020-04-25,2020-07-02,employee722,4,10
723,Đặng Văn Toàn,1984-04-25,2014-06-03,2015-05-08,employee723,6,2
724,Đỗ Văn Tiến,1989-11-06,2010-06-17,2010-12-11,employee724,4,7
725,Nguyễn Thị Trang,2002-02-14,2018-10-15,2019-06-05,employee725,1,1
726,Đỗ Thị Minh,2002-11-08,2022-02-11,2022-11-09,employee726,4,3
727,Vũ Văn Long,1990-02-26,2011-04-23,2011-08-09,employee727,5,7
728,Phan Văn Thắng,1990-09-20,2015-09-28,2016-01-18,employee728,2,1
729,Hoàng Thị Quỳnh,2003-03-21,2023-05-25,2023-09-24,employee729,2,6
730,Hoàng Văn Lâm,1984-11-30,2024-01-19,2024-12-30,employee730,3,5
731,Đặng Văn Toàn,2002-06-30,2015-11-27,2015-12-22,employee731,1,2
732,Lê Thị Ngọc,1982-03-11,2011-10-15,2012-03-27,employee732,1,2
733,Vũ Thị Thu,1990-07-05,2017-06-17,2017-07-01,employee733,2,13
734,Phan Thị Hạnh,1989-02-04,2010-08-13,2010-10-10,employee734,4,3
735,Bùi Thị Hương,1995-09-12,2011-06-28,2011-10-27,employee735,3,15
736,Đỗ Văn Tiến,1994-03-04,2011-08-04,2012-02-14,employee736,6,6
737,Phạm Văn Phúc,2001-04-22,2019-04-21,2019-11-06,employee737,4,7
738,Trần Văn Phong,1986-06-04,2011-08-10,2011-08-13,employee738,3,2
739,Lê Minh Hoàng,2005-04-06,2023-04-04,2024-01-26,employee739,4,12
740,Hoàng Thị Quỳnh,1984-01-02,2017-11-11,2018-09-14,employee740,6,3
741,Vũ Thị Thảo,2000-05-17,2018-12-24,2019-03-24,employee741,6,12
742,Phan Văn Thắng,1985-09-29,2016-04-11,2017-03-07,employee742,1,12
743,Phan Thị Hạnh,1991-05-06,2017-09-18,2017-09-29,employee743,4,14
744,Bùi Thị Thu,1993-03-31,2019-06-14,2020-02-16,employee744,2,3
745,Bùi Văn Minh,1992-12-20,2022-11-22,2023-02-08,employee745,6,6
746,Phan Văn Sơn,1987-02-03,2020-06-13,2021-03-17,employee746,2,14
747,Phan Văn Bình,1989-05-03,2017-04-27,2017-04-28,employee747,2,4
748,Phạm Văn Sơn,1996-08-17,2018-11-20,2019-05-13,employee748,2,15
749,Hoàng Thị Thanh,1993-06-10,2020-05-03,2020-06-02,employee749,2,12
750,Bùi Văn Hùng,1993-11-10,2024-07-26,2025-07-22,employee750,4,10
751,Phan Văn Sơn,1988-03-31,2019-12-09,2020-12-01,employee751,2,11
752,Đặng Thị Hoa,2005-02-26,2019-07-22,2020-04-02,employee752,1,3
753,Trần Văn Phong,1988-09-26,2024-03-14,2025-02-12,employee753,5,3
754,Hoàng Văn Đức,1991-09-30,2018-10-31,2019-03-27,employee754,2,1
755,Đặng Văn Toàn,1980-11-03,2013-05-01,2013-06-14,employee755,5,2
756,Đặng Văn Toàn,1989-10-12,2013-08-28,2013-11-01,employee756,4,14
757,Đặng Văn Dũng,1992-04-30,2010-01-01,2010-10-20,employee757,2,4
758,Đặng Văn Dũng,1994-03-31,2022-04-29,2022-11-22,employee758,5,1
759,Nguyễn Thị Trang,2000-02-04,2012-10-11,2013-09-01,employee759,2,9
760,Phan Văn Thịnh,1981-12-29,2023-05-13,2023-12-10,employee760,5,2
761,Hoàng Thị Thanh,2005-05-12,2018-04-13,2019-01-16,employee761,2,9
762,Đặng Văn Thắng,1988-04-13,2016-03-21,2016-07-03,employee762,3,5
763,Đỗ Thị Nga,2004-01-05,2013-12-21,2014-05-01,employee763,4,12
764,Nguyễn Thị Trang,1983-09-24,2017-07-09,2018-04-02,employee764,5,3
765,Nguyễn Văn An,2003-01-04,2013-04-13,2013-10-05,employee765,4,9
766,Hoàng Văn Đức,1987-05-09,2015-09-30,2016-09-10,employee766,6,14
767,Phan Văn Thắng,1997-06-06,2018-03-19,2018-09-28,employee767,3,11
768,Đặng Văn Dũng,1992-07-23,2019-03-07,2019-06-10,employee768,6,12
769,Lê Thị Ngọc,1999-04-11,2020-09-25,2021-06-22,employee769,2,6
770,Đặng Văn Dũng,2002-03-07,2017-06-25,2018-04-03,employee770,4,5
771,Đỗ Thị Nga,1981-06-13,2023-06-09,2023-10-09,employee771,4,6
772,Bùi Thị Tuyết,1987-09-16,2022-03-13,2023-02-15,employee772,5,12
773,Đỗ Văn Khánh,2003-10-11,2021-03-20,2021-11-08,employee773,3,6
774,Phạm Văn Vinh,2001-03-25,2018-08-02,2019-03-19,employee774,2,6
775,Phan Thị Lệ,1980-04-24,2016-01-16,2016-08-31,employee775,2,3
776,Đặng Thị Mai,1992-08-26,2022-08-24,2023-06-13,employee776,3,12
777,Nguyễn Thị Trang,1987-06-10,2018-08-18,2018-08-31,employee777,2,1
778,Trần Văn Phong,1986-07-08,2019-04-26,2019-09-24,employee778,4,14
779,Trần Thị Cẩm,1981-05-15,2017-04-14,2018-02-11,employee779,3,14
780,Hoàng Thị Yến,1998-09-02,2018-11-01,2019-06-12,employee780,2,9
781,Bùi Văn Hùng,2001-06-03,2024-01-11,2024-05-25,employee781,5,13
782,Phan Văn Thịnh,1982-07-03,2019-06-20,2020-04-04,employee782,1,1
783,Phạm Văn Quang,2005-01-25,2011-10-01,2012-01-18,employee783,2,4
784,Vũ Thị Cúc,2005-04-20,2017-05-02,2017-12-27,employee784,6,11
785,Đỗ Văn Tiến,1999-12-27,2019-11-06,2019-11-29,employee785,2,13
786,Nguyễn Văn Bình,1991-04-04,2023-10-18,2024-05-16,employee786,6,15
787,Phạm Thị Hồng,1998-02-04,2017-06-26,2018-06-08,employee787,2,10
788,Vũ Văn Long,1995-05-05,2021-02-10,2021-08-21,employee788,1,15
789,Phạm Văn Vinh,1996-10-17,2011-12-10,2012-08-31,employee789,1,15
790,Phạm Văn Quang,1992-02-19,2022-09-22,2023-05-05,employee790,6,8
791,Phan Văn Sơn,1992-06-07,2015-12-21,2016-09-09,employee791,1,15
792,Vũ Văn Hiếu,1990-04-25,2017-12-15,2018-04-22,employee792,3,2
793,Trần Văn Tuấn,1995-11-10,2017-10-18,2017-11-27,employee793,4,6
794,Trần Văn Nam,1992-08-13,2022-03-10,2022-07-11,employee794,2,13
795,Bùi Văn Long,1999-08-19,2013-05-24,2013-09-16,employee795,3,15
796,Lê Minh Hoàng,1992-07-30,2022-03-09,2022-10-30,employee796,3,15
797,Lê Thị Ngọc,1987-06-14,2012-04-08,2012-11-09,employee797,5,3
798,Hoàng Thị Quỳnh,1989-10-06,2019-12-26,2020-01-23,employee798,6,15
799,Bùi Thị Hương,1999-12-22,2021-09-29,2022-07-15,employee799,1,14
800,Lê Thị Quỳnh,1995-04-22,2014-08-28,2014-11-15,employee800,3,10
801,Bùi Thị Hương,1982-12-09,2016-09-19,2017-04-10,employee801,2,14
802,Lê Minh Đạt,2004-04-17,2011-08-03,2012-06-28,employee802,2,8
803,Đặng Thị Hoa,2005-07-18,2016-12-28,2017-05-26,employee803,4,11
804,Phan Thị Lệ,1992-01-26,2022-07-03,2022-07-22,employee804,1,4
805,Đặng Thị Hoa,1989-03-24,2013-08-14,2013-10-05,employee805,3,9
806,Đặng Văn Thắng,2005-11-22,2023-06-12,2023-08-08,employee806,1,3
807,Đỗ Văn Tiến,1981-08-21,2020-10-16,2021-10-10,employee807,2,4
808,Bùi Văn Hùng,1981-02-15,2010-03-06,2010-11-29,employee808,5,13
809,Trần Thị Cẩm,2005-01-02,2013-04-29,2014-03-24,employee809,1,3
810,Bùi Thị Hương,1988-10-14,2021-04-26,2021-12-21,employee810,4,10
811,Trần Văn Phúc,1987-03-29,2010-07-20,2011-02-16,employee811,3,13
812,Phạm Văn Vinh,1991-10-21,2020-04-18,2021-03-29,employee812,5,9
813,Bùi Văn Minh,1989-07-02,2011-11-14,2012-04-08,employee813,3,14
814,Đỗ Thị Minh,1991-12-14,2019-07-07,2020-02-02,employee814,1,15
815,Vũ Văn Hiếu,1991-06-21,2018-11-30,2019-03-30,employee815,4,2
816,Đỗ Văn Việt,1984-07-09,2019-12-24,2020-04-29,employee816,6,12
817,Phan Văn Bình,1995-08-19,2016-01-11,2016-05-17,employee817,5,13
818,Phan Thị Kim,2001-07-20,2022-10-07,2023-01-08,employee818,3,9
819,Trần Văn Tuấn,1981-07-30,2014-04-15,2014-09-22,employee819,2,10
820,Bùi Thị Tuyết,2004-06-07,2020-11-14,2021-09-20,employee820,1,13
821,Nguyễn Thị Trang,1984-06-25,2022-07-17,2023-04-08,employee821,3,4
822,Trần Văn Tuấn,1990-06-24,2017-10-31,2018-07-19,employee822,3,13
823,Nguyễn Thị Mai,2000-08-30,2023-06-26,2023-09-04,employee823,2,9
824,Trần Văn Tuấn,1986-03-23,2022-09-09,2023-04-30,employee824,4,5
825,Phan Thị Lệ,1997-07-03,2016-07-07,2017-03-05,employee825,2,1
826,Đỗ Thị Lan,1982-09-22,2019-05-06,2019-05-19,employee826,2,15
827,Bùi Thị Thu,2000-08-27,2023-03-10,2023-03-24,employee827,1,15
828,Trần Thị Bích,1980-05-12,2021-11-02,2021-11-27,employee828,3,14
829,Đỗ Thị Lan,1983-06-02,2014-05-09,2014-08-02,employee829,3,2
830,Đặng Văn Toàn,2003-04-12,2022-01-29,2022-03-19,employee830,6,9
831,Phan Thị Hạnh,1985-09-03,2018-11-05,2019-03-16,employee831,3,1
832,Đặng Thị Hoa,1996-10-08,2017-06-14,2018-01-31,employee832,4,9
833,Trần Văn Phúc,2001-03-20,2010-06-06,2011-02-25,employee833,3,9
834,Phạm Văn Phúc,1984-01-31,2018-07-17,2018-09-07,employee834,1,10
835,Bùi Thị Hương,1995-12-01,2011-10-18,2012-06-08,employee835,2,5
836,Hoàng Thị Quỳnh,1987-05-27,2011-05-19,2011-11-18,employee836,1,5
837,Phạm Thị Dung,1987-06-02,2010-09-14,2010-11-03,employee837,1,9
838,Vũ Thị Thu,2001-09-01,2024-04-27,2025-01-13,employee838,3,5
839,Phan Thị Lệ,2000-09-08,2017-03-18,2017-10-09,employee839,6,15
840,Hoàng Thị Quỳnh,1997-11-08,2020-10-01,2021-09-12,employee840,6,12
841,Hoàng Văn Đức,1987-01-25,2021-09-02,2021-09-08,employee841,1,6
842,Đặng Văn Dũng,2001-01-27,2020-01-10,2020-08-30,employee842,1,11
843,Đặng Văn Thắng,1988-06-04,2013-07-25,2014-01-25,employee843,3,2
844,Hoàng Thị Thanh,1986-02-24,2023-10-01,2024-06-21,employee844,6,4
845,Hoàng Văn Đức,1991-06-29,2022-10-13,2022-10-24,employee845,5,2
846,Lê Minh Châu,1981-06-21,2022-02-16,2022-10-08,employee846,6,2
847,Hoàng Thị Thanh,1996-01-07,2010-10-14,2011-08-27,employee847,4,2
848,Đặng Thị Liên,1998-12-06,2013-11-14,2014-11-11,employee848,3,14
849,Đặng Văn Thắng,1995-09-09,2020-07-05,2020-11-04,employee849,5,12
850,Đỗ Thị Lan,2001-06-29,2015-07-14,2015-11-24,employee850,2,7
851,Trần Văn Nam,1990-01-24,2013-09-27,2014-02-13,employee851,2,15
852,Phạm Thị Hồng,1997-11-02,2016-01-16,2016-03-20,employee852,6,15
853,Lê Minh Hoàng,1991-12-19,2016-09-01,2016-10-25,employee853,6,13
854,Hoàng Văn Đức,1994-01-18,2018-04-18,2018-07-27,employee854,4,15
855,Đỗ Thị Lan,1986-01-20,2021-06-16,2022-06-16,employee855,4,10
856,Lê Thị Vân,1984-01-16,2010-03-16,2010-08-22,employee856,4,6
857,Lê Thị Vân,2000-11-22,2021-07-13,2021-10-15,employee857,2,1
858,Đỗ Thị Minh,1990-04-22,2020-01-14,2020-08-11,employee858,3,5
859,Vũ Thị Thảo,1990-10-02,2012-07-22,2013-06-08,employee859,3,7
860,Lê Thị Vân,2004-01-09,2017-09-27,2018-06-30,employee860,6,4
861,Đỗ Văn Khánh,1999-06-01,2012-03-23,2012-05-17,employee861,2,11
862,Đặng Văn Dũng,2001-11-08,2013-06-28,2013-08-22,employee862,4,4
863,Phan Văn Bình,1999-03-21,2022-06-02,2023-01-30,employee863,3,3
864,Vũ Văn Hiếu,1989-02-23,2024-03-19,2024-04-25,employee864,3,3
865,Bùi Thị Thu,1989-09-07,2014-11-13,2015-07-14,employee865,3,3
866,Đỗ Thị Nga,1989-02-28,2016-12-26,2017-04-15,employee866,6,3
867,Nguyễn Thị Trang,2004-02-02,2018-05-27,2018-06-11,employee867,4,3
868,Đỗ Văn Việt,2004-12-16,2017-07-30,2017-11-29,employee868,5,11
869,Hoàng Văn Lâm,2001-04-13,2024-01-31,2024-09-09,employee869,2,14
870,Hoàng Thị Yến,1985-05-01,2013-11-10,2014-08-07,employee870,2,9
871,Lê Minh Hoàng,1981-10-04,2021-11-15,2022-02-13,employee871,5,12
872,Bùi Văn Hùng,2001-09-09,2015-01-05,2015-09-02,employee872,6,1
873,Bùi Văn Minh,2000-06-27,2022-08-14,2022-12-06,employee873,4,5
874,Bùi Thị Thu,1987-11-23,2013-07-01,2013-07-19,employee874,5,12
875,Đặng Thị Hoa,1988-10-27,2023-05-14,2023-05-19,employee875,2,5
876,Bùi Văn Long,2005-08-19,2022-09-11,2022-11-22,employee876,6,10
877,Đỗ Văn Tiến,1997-09-30,2015-02-05,2015-04-09,employee877,4,15
878,Hoàng Thị Thanh,1992-05-18,2018-06-30,2019-03-02,employee878,4,13
879,Đỗ Văn Việt,1990-08-28,2014-02-26,2015-02-12,employee879,5,15
880,Phạm Thị Dung,1994-01-01,2018-06-26,2018-08-06,employee880,4,3
881,Bùi Thị Tuyết,1981-11-02,2014-04-28,2014-12-31,employee881,4,8
882,Đặng Văn Thắng,1983-06-25,2011-12-04,2012-04-29,employee882,5,12
883,Phạm Thị Lan,1997-08-27,2021-01-21,2021-07-21,employee883,3,5
884,Đỗ Văn Tiến,1983-03-17,2017-08-04,2018-03-18,employee884,2,15
885,Nguyễn Thị Mai,1993-09-21,2010-09-21,2010-10-14,employee885,6,14
886,Nguyễn Thị Trang,1986-05-09,2017-07-20,2018-04-14,employee886,3,12
887,Vũ Thị Thanh,2004-04-05,2022-07-19,2023-04-29,employee887,6,9
888,Lê Thị Phương,1998-02-23,2021-02-05,2021-07-10,employee888,3,10
889,Lê Thị Ngọc,1997-05-11,2022-11-12,2023-03-16,employee889,5,10
890,Phạm Thị Dung,1993-10-18,2020-08-03,2021-04-04,employee890,5,15
891,Hoàng Văn Hùng,2002-11-19,2016-11-11,2017-11-06,employee891,5,6
892,Hoàng Thị Thanh,2002-08-23,2010-11-19,2011-03-15,employee892,1,12
893,Đặng Thị Hoa,1996-02-29,2011-09-10,2012-03-11,employee893,3,6
894,Bùi Văn Long,1999-11-05,2011-09-04,2012-09-02,employee894,4,5
895,Trần Thị Cẩm,1985-03-05,2015-10-03,2016-09-17,employee895,1,7
896,Phạm Thị Lan,1984-04-11,2016-06-10,2017-01-03,employee896,6,5
897,Nguyễn Văn Bình,1996-11-12,2011-07-23,2012-05-18,employee897,4,7
898,Phạm Văn Phúc,1980-02-16,2010-08-08,2011-05-10,employee898,6,9
899,Đỗ Văn Việt,1993-04-25,2017-04-29,2018-01-09,employee899,1,9
900,Đặng Văn Thắng,1998-09-06,2019-11-14,2020-03-26,employee900,2,7
901,Đặng Thị Hoa,1995-01-27,2019-08-05,2019-11-05,employee901,2,10
902,Phạm Văn Sơn,2004-05-09,2012-04-13,2012-08-24,employee902,5,1
903,Bùi Thị Thu,1992-08-01,2014-10-11,2015-08-28,employee903,6,5
904,Phan Văn Thắng,1995-07-05,2023-01-04,2023-11-30,employee904,4,10
905,Vũ Thị Thảo,1992-01-12,2022-08-16,2023-01-16,employee905,3,13
906,Đặng Văn Dũng,2004-07-08,2017-10-10,2018-02-09,employee906,4,1
907,Phan Văn Sơn,2002-05-17,2014-04-22,2015-02-20,employee907,3,7
908,Đỗ Văn Việt,1984-10-01,2022-05-12,2022-08-29,employee908,4,3
909,Đỗ Văn Khánh,1982-01-20,2010-10-28,2011-10-12,employee909,1,9
910,Nguyễn Văn Bình,1980-12-17,2022-03-21,2022-11-16,employee910,2,1
911,Đặng Thị Hoa,2004-03-21,2014-04-10,2014-06-22,employee911,3,5
912,Đặng Thị Mai,2002-11-06,2022-10-09,2023-07-09,employee912,5,7
913,Phan Văn Thắng,2002-08-12,2018-03-11,2018-09-17,employee913,4,7
914,Đặng Văn Thắng,1987-01-24,2018-06-16,2018-12-19,employee914,1,5
915,Phan Thị Kim,2000-08-04,2024-08-07,2025-01-01,employee915,3,2
916,Hoàng Văn Lâm,1986-09-10,2024-07-03,2025-05-30,employee916,6,6
917,Phạm Văn Sơn,1994-07-01,2023-09-09,2023-11-24,employee917,6,3
918,Bùi Thị Tuyết,1981-01-15,2010-08-20,2011-03-18,employee918,5,12
919,Hoàng Văn Đức,2003-03-02,2019-11-03,2020-07-15,employee919,5,11
920,Trần Văn Phong,1980-08-01,2013-08-09,2014-01-02,employee920,6,2
921,Vũ Thị Thu,1983-10-27,2015-06-10,2016-03-26,employee921,4,9
922,Hoàng Thị Thanh,1981-06-27,2014-07-06,2014-12-07,employee922,1,5
923,Phan Văn Sơn,1990-02-16,2021-03-08,2021-08-27,employee923,1,11
924,Bùi Văn Hùng,1990-02-12,2012-02-18,2012-11-19,employee924,3,3
925,Lê Thị Vân,1983-09-15,2022-12-18,2023-05-15,employee925,2,5
926,Nguyễn Văn An,2004-10-29,2011-04-30,2011-09-30,employee926,4,4
927,Trần Thị Hương,1998-07-24,2022-03-02,2022-10-10,employee927,6,3
928,Phạm Văn Quang,1982-08-31,2023-10-21,2024-04-23,employee928,3,7
929,Đỗ Thị Lan,1990-10-12,2012-10-17,2013-06-20,employee929,5,10
930,Phan Văn Bình,1983-02-02,2018-03-16,2018-09-26,employee930,2,7
931,Lê Thị Ngọc,1989-04-05,2022-05-19,2022-12-14,employee931,2,13
932,Đỗ Văn Khánh,1984-07-16,2011-11-23,2012-07-24,employee932,1,13
933,Trần Văn Nam,1986-02-27,2013-05-22,2014-01-11,employee933,3,12
934,Đặng Thị Mai,1994-03-22,2016-01-11,2016-12-25,employee934,1,13
935,Bùi Thị Hương,1984-12-30,2022-04-26,2023-03-23,employee935,5,8
936,Lê Thị Phương,1992-08-21,2018-07-29,2019-03-11,employee936,2,14
937,Nguyễn Thị Mai,2004-09-27,2016-04-17,2017-04-08,employee937,1,3
938,Bùi Văn Hùng,1981-08-08,2010-01-26,2010-09-28,employee938,6,15
939,Bùi Văn Long,1998-01-25,2020-08-07,2020-09-01,employee939,6,11
940,Nguyễn Văn An,2003-07-16,2023-10-22,2024-08-15,employee940,2,15
941,Đặng Văn Dũng,1995-11-08,2017-12-11,2018-02-22,employee941,5,13
942,Bùi Văn Hùng,1990-03-11,2013-01-21,2014-01-10,employee942,3,13
943,Lê Minh Hoàng,2000-12-06,2014-03-06,2014-09-29,employee943,2,3
944,Vũ Văn Hiếu,1991-11-15,2010-03-14,2010-08-08,employee944,5,15
945,Trần Văn Nam,2003-04-19,2014-08-04,2014-10-19,employee945,2,1
946,Đỗ Văn Khánh,2004-10-26,2010-12-05,2011-11-29,employee946,2,3
947,Nguyễn Thị Mai,2000-05-21,2013-07-16,2014-03-07,employee947,1,5
948,Hoàng Văn Lâm,1996-11-18,2022-03-12,2022-10-08,employee948,1,2
949,Trần Thị Bích,2003-08-10,2017-01-18,2017-12-06,employee949,5,11
950,Trần Văn Phúc,2004-08-24,2018-05-02,2018-12-20,employee950,3,4
951,Đặng Thị Mai,1999-05-09,2024-03-27,2024-10-20,employee951,2,7
952,Nguyễn Văn An,2002-07-16,2014-10-09,2015-09-20,employee952,5,5
953,Đặng Văn Toàn,1990-08-06,2022-01-15,2022-11-27,employee953,4,13
954,Trần Thị Bích,1989-03-29,2024-02-09,2024-07-07,employee954,4,13
955,Phạm Văn Sơn,1991-09-29,2015-02-22,2015-05-21,employee955,6,6
956,Đặng Thị Liên,2000-02-16,2023-03-24,2023-08-13,employee956,4,3
957,Trần Thị Cẩm,1988-06-07,2011-09-20,2012-02-23,employee957,3,7
958,Bùi Văn Long,1996-04-26,2016-04-21,2016-10-11,employee958,6,14
959,Phạm Thị Lan,1996-08-01,2012-03-21,2012-09-30,employee959,6,6
960,Đặng Văn Dũng,1996-02-15,2021-03-23,2021-10-06,employee960,3,2
961,Trần Văn Tuấn,1996-11-26,2011-06-23,2011-09-03,employee961,2,13
962,Vũ Văn Lâm,1991-06-26,2019-02-26,2019-03-18,employee962,6,10
963,Vũ Thị Thảo,1997-10-16,2010-10-25,2011-08-29,employee963,1,6
964,Đỗ Văn Việt,1983-07-17,2024-03-07,2025-01-25,employee964,2,13
965,Đỗ Thị Lan,1986-07-30,2012-06-25,2012-07-17,employee965,5,15
966,Lê Thị Ngọc,1994-06-17,2014-11-01,2015-01-10,employee966,4,14
967,Hoàng Thị Quỳnh,1983-04-22,2021-06-15,2021-10-08,employee967,5,1
968,Đặng Thị Mai,1989-01-01,2024-07-27,2024-09-06,employee968,3,5
969,Lê Minh Châu,2003-07-27,2019-10-03,2020-07-28,employee969,4,12
970,Đỗ Văn Khánh,1982-11-10,2011-06-23,2012-02-29,employee970,4,13
971,Bùi Thị Thu,1981-12-26,2012-02-20,2012-05-28,employee971,4,6
972,Trần Văn Phong,1980-05-27,2017-06-16,2018-02-21,employee972,3,10
973,Phan Thị Hạnh,1983-04-16,2011-11-18,2012-07-04,employee973,2,12
974,Phan Văn Bình,1998-03-10,2023-08-21,2024-08-18,employee974,6,10
975,Phạm Thị Lan,1989-09-26,2019-12-23,2020-02-18,employee975,2,7
976,Vũ Văn Hiếu,2001-01-31,2016-02-23,2016-06-24,employee976,1,5
977,Vũ Văn Lâm,1997-04-06,2016-07-03,2016-11-30,employee977,6,5
978,Phạm Văn Vinh,2004-01-18,2013-11-22,2013-12-11,employee978,2,15
979,Bùi Thị Hương,1980-11-16,2013-06-20,2014-03-03,employee979,1,15
980,Hoàng Thị Thanh,1992-05-16,2019-12-21,2020-03-06,employee980,6,14
981,Vũ Thị Thu,1985-03-05,2024-06-01,2024-10-02,employee981,6,10
982,Hoàng Thị Quỳnh,2001-11-19,2012-03-17,2013-02-08,employee982,6,2
983,Phạm Văn Vinh,1990-01-26,2012-01-08,2012-11-10,employee983,4,13
984,Phan Thị Hạnh,2004-09-26,2010-10-28,2011-07-23,employee984,2,4
985,Lê Thị Vân,2003-07-16,2019-05-08,2019-06-02,employee985,3,5
986,Đỗ Thị Minh,1987-07-22,2012-05-28,2013-02-12,employee986,5,3
987,Trần Văn Phong,1990-01-23,2017-08-07,2017-10-10,employee987,5,3
988,Phan Văn Bình,1993-03-20,2022-06-11,2022-07-12,employee988,6,2
989,Đỗ Văn Việt,1986-03-07,2011-05-31,2012-05-17,employee989,2,5
990,Vũ Văn Hiếu,2002-01-19,2018-11-27,2019-03-28,employee990,5,3
991,Lê Thị Ngọc,1981-05-03,2020-12-27,2021-08-22,employee991,6,3
992,Phạm Văn Vinh,1994-12-26,2022-07-16,2022-09-08,employee992,2,2
993,Hoàng Thị Quỳnh,1980-04-11,2019-01-18,2019-04-12,employee993,2,4
994,Hoàng Văn Lâm,1984-03-02,2017-01-08,2017-03-11,employee994,5,7
995,Hoàng Thị Thanh,1990-07-14,2019-05-05,2019-12-20,employee995,3,2
996,Hoàng Văn Đức,1983-09-19,2013-12-23,2014-11-24,employee996,3,12
997,Phạm Thị Dung,2004-01-14,2021-11-30,2022-03-16,employee997,3,2
998,Phạm Thị Dung,2005-05-09,2017-01-12,2017-09-29,employee998,4,12
999,Hoàng Văn Đức,1990-06-12,2011-08-08,2012-03-08,employee999,1,1
1000,Trần Thị Hương,1985-10-30,2015-07-18,2016-02-29,employee1000,4,2
